--第一次
insert into police_station values('431028013', '湘潭市公安局雨湖分局', '湘潭市', '湘潭市人民街道108号');
insert into police_station values('130101005', '石家庄市公安局长安分局', '石家庄市', '石家庄市中山路99号');
insert into police_station values('120102004', '天津市公安局河东分局', '天津市', '天津市红桥区建国北路10号');
insert into police_station values('110102002', '北京市公安局西城分局', '北京市', '北京市西城区金融街1号');
insert into police_station values('110101001', '北京市公安局东城分局', '北京市', '北京市东城区王府井大街88号');
insert into police_station values('320101006', '南京市公安局玄武分局', '南京市', '南京市珠江路28号');
insert into police_station values('440102007', '广州市公安局东山分局', '广州市', '广州市东山区翠园路99号');
insert into police_station values('510101008', '成都市公安局锦江分局', '成都市', '成都市锦江区春熙路88号');
insert into police_station values('320102009', '无锡市公安局崇安分局', '无锡市', '无锡市崇安区人民东路199号');
insert into police_station values('330101010', '杭州市公安局上城分局', '杭州市', '杭州市上城区延安路66号');
insert into police_station values('610101011', '西安市公安局新城分局', '西安市', '西安市新城区长安南路123号');
insert into police_station values('330102012', '宁波市公安局海曙分局', '宁波市', '宁波市海曙区中山东路456号');
insert into police_station values('440101013', '广州市公安局荔湾分局', '广州市', '广州市荔湾区解放北路789号');
insert into police_station values('320103014', '徐州市公安局鼓楼分局', '徐州市', '徐州市鼓楼区人民西路234号');
insert into police_station values('330103015', '温州市公安局鹿城分局', '温州市', '温州市鹿城区民生路567号');
insert into police_station values('440103016', '广州市公安局荔湾分局', '广州市', '广州市荔湾区黄沙大道123号');
insert into police_station values('510102017', '成都市公安局青羊分局', '成都市', '成都市青羊区人民中路456号');
insert into police_station values('610102018', '西安市公安局碑林分局', '西安市', '西安市碑林区南门外大街789号');
insert into police_station values('320104019', '徐州市公安局云龙分局', '徐州市', '徐州市云龙区胜利北路234号');
insert into police_station values('330104020', '温州市公安局瓯海分局', '温州市', '温州市瓯海区南白象街567号');
insert into police_station values('330105021', '温州市公安局洞头分局', '温州市', '温州市洞头区渔溪镇XXX路XXX号');
insert into police_station values('440104022', '广州市公安局越秀分局', '广州市', '广州市越秀区解放北路XXX号');
insert into police_station values('510103023', '成都市公安局金牛分局', '成都市', '成都市金牛区XXXX路XXX号');
insert into police_station values('610103024', '西安市公安局莲湖分局', '西安市', '西安市莲湖区XXXX路XXX号');
insert into police_station values('320105025', '徐州市公安局贾汪分局', '徐州市', '徐州市贾汪区XXXX路XXX号');
insert into police_station values('440105026', '广州市公安局海珠分局', '广州市', '广州市海珠区XXX路XXX号');
insert into police_station values('510104027', '成都市公安局青羊分局', '成都市', '成都市青羊区XXX路XXX号');
insert into police_station values('610104028', '西安市公安局雁塔分局', '西安市', '西安市雁塔区XXX路XXX号');
insert into police_station values('320106029', '徐州市公安局泉山分局', '徐州市', '徐州市泉山区XXX路XXX号');
insert into police_station values('330106030', '温州市公安局鹿城分局', '温州市', '温州市鹿城区XXX路XXX号');

insert into policemen values('2426478', '王建国', '430201197108123456', '1971-08-12', 'M', '汉族', '13812345678', 'wangjianguo@example.com', '在职', '警员', '2afT3$G*');
insert into policemen values('3889043', '李秀英', '310101198805223456', '1988-05-22', 'F', '汉族', '13912345678', 'lixuiying@example.com', '在职', '学员', 'D5gTr4^z!');
insert into policemen values('9836582', '张伟', '420111199512003456', '1995-12-00', 'M', '汉族', '15012345678', 'zhangwei@example.com', '离职', '警监', '_7eBnR#9');
insert into policemen values('1691715', '刘娜', '510203197511093456', '1975-11-09', 'F', '汉族', '15112345678', 'liuna@example.com', '在职', '警司', '@v8Y6*mN');
insert into policemen values('0975704', '陈敏', '330303198611273456', '1986-11-27', 'F', '汉族', '15212345678', 'chenmin@example.com', '在职', '总警监', 'P1#lM$9a');
insert into policemen values('0715805', '刘洋', '230401197606243456', '1976-06-24', 'M', '汉族', '15712345678', 'liuyang@example.com', '在职', '警员', '4!JyG#7d');
insert into policemen values('4264114', '王艳', '410105198405103456', '1984-05-10', 'F', '汉族', '15712345678', 'wangyan@example.com', '停职', '警督', 'x%E3Js@6');
insert into policemen values('8837988', '张静', '320211198307113456', '1983-07-11', 'F', '汉族', '13712345678', 'zhangjing@example.com', '离职', '学员', '9B&fA6q2');
insert into policemen values('6827713', '李勇', '520101199210243456', '1992-10-24', 'M', '汉族', '18612345678', 'liyong@example.com', '在职', '警员', 'M*2pE8@k');
insert into policemen values('4348435', '刘杰', '140902198409293456', '1984-09-29', 'M', '汉族', '18712345678', 'liujie@example.com', '在职', '警司', 'u#R8Ym2!');
insert into policemen values('9234086', '刘燕', '610328199301253456', '1993-01-25', 'F', '汉族', '18812345678', 'liuyan@example.com', '在职', '学员', 'L$H36*7z');
insert into policemen values('8268264', '张敏', '320402198708063456', '1987-08-06', 'F', '汉族', '18912345678', 'zhangmin@example.com', '离职', '警监', 'i0#J9t*h');
insert into policemen values('9173384', '王勇', '370202197905203456', '1979-05-20', 'M', '汉族', '14712345678', 'wangyong@example.com', '在职', '总警监', 'Gq&Y4U1!');
insert into policemen values('5218977', '刘婷', '210102197410153456', '1974-10-15', 'F', '汉族', '14812345678', 'liuting@example.com', '在职', '警员', '#2K4vQ1!');
insert into policemen values('7614546', '王静', '130105199509063456', '1995-09-06', 'F', '汉族', '14912345678', 'wangjing@example.com', '在职', '警督', 'R%3Nv$4q');
insert into policemen values('4789420', '张瑶', '370829198801303456', '1988-01-30', 'F', '汉族', '15312345678', 'zhangyao@example.com', '在职', '警员', 'S!r9Uf2#');
insert into policemen values('4693712', '赵军', '430111198904223456', '1989-04-22', 'M', '汉族', '15512345678', 'zhaojun@example.com', '在职', '学员', 'G#3X6p@4');
insert into policemen values('8734165', '陈洁', '320211198307113456', '1983-07-11', 'F', '汉族', '15612345678', 'chenjie@example.com', '离职', '警督', 'B@6R2m#9');
insert into policemen values('0664786', '张勇', '370785197812293456', '1978-12-29', 'M', '汉族', '15812345678', 'zhangyong@example.com', '在职', '警司', '*7yN$1xJ');
insert into policemen values('9884669', '李丽', '320602198608063456', '1986-08-06', 'F', '汉族', '15912345678', 'lili@example.com', '停职', '学员', 'P!z3M4sG');
insert into policemen values('7104084', '王勇', '542524199011073456', '1990-11-07', 'M', '回族', '13112345678', 'wangyong@example.com', '在职', '总警监', 'A5&wP2*J');
insert into policemen values('3242355', '陈娟', '350702199004233456', '1990-04-23', 'F', '汉族', '13212345678', 'chenjuan@example.com', '离职', '警员', 'Q&2hX4n!');
insert into policemen values('2402834', '张伟', '321322199302263456', '1993-02-26', 'M', '汉族', '13312345678', 'zhangwei@example.com', '在职', '警督', '!4dS%8wC');
insert into policemen values('5639807', '李敏', '410185199309123456', '1993-09-12', 'F', '汉族', '13412345678', 'limin@example.com', '在职', '警员', 'K#6!jM4o');
insert into policemen values('8167027', '刘静', '110101198202183456', '1982-02-18', 'F', '汉族', '13512345678', 'liujing@example.com', '离职', '学员', 'E*5@J8sH');
insert into policemen values('7233141', '陈勇', '330621198607203456', '1986-07-20', 'M', '汉族', '13612345678', 'chenyong@example.com', '在职', '警督', 'W$2bZ4*p');
insert into policemen values('7003217', '张勇', '542524199011073456', '1990-11-07', 'M', '回族', '13112345678', 'zhangyong@example.com', '在职', '总警监', 'A5&wP2*J');
insert into policemen values('1313149', '陈娟', '350702199004233456', '1990-04-23', 'F', '汉族', '13212345678', 'chenjuan@example.com', '离职', '警员', 'Q&2hX4n!');
insert into policemen values('2085174', '张伟', '321322199302263456', '1993-02-26', 'M', '汉族', '13312345678', 'zhangwei@example.com', '在职', '警督', '!4dS%8wC');
insert into policemen values('8712011', '李敏', '410185199309123456', '1993-09-12', 'F', '汉族', '13412345678', 'limin@example.com', '在职', '警员', 'K#6!jM4o');
insert into policemen values('6916120', '刘静', '110101198202183456', '1982-02-18', 'F', '汉族', '13512345678', 'liujing@example.com', '离职', '学员', 'E*5@J8sH');
insert into policemen values('9231816', '陈勇', '330621198607203456', '1986-07-20', 'M', '汉族', '13612345678', 'chenyong@example.com', '在职', '警督', 'W$2bZ4*p');
insert into policemen values('0956317', '王霞', '210381199205283456', '1992-05-28', 'F', '汉族', '13712345678', 'wangxia@example.com', '在职', '学员', '#1eL3D4r');
insert into policemen values('8988132', '刘平', '430481198903143456', '1989-03-14', 'M', '汉族', '13912345678', 'liuping@example.com', '离职', '警员', 'K%4G*8fC');
insert into policemen values('5480803', '杨丽', '510301198402103456', '1984-02-10', 'F', '汉族', '13112345678', 'yangli@example.com', '在职', '警督', '!Q9cE3mP');
insert into policemen values('1301569', '张勇', '542524199011073456', '1990-11-07', 'M', '回族', '13212345678', 'zhangyong@example.com', '在职', '总警监', 'A5&wP2*J');
insert into policemen values('0763368', '陈娟', '350702199004233456', '1990-04-23', 'F', '汉族', '13312345678', 'chenjuan@example.com', '离职', '警员', 'Q&2hX4n!');
insert into policemen values('6586238', '张伟', '321322199302263456', '1993-02-26', 'M', '汉族', '13412345678', 'zhangwei@example.com', '在职', '警督', '!4dS%8wC');
insert into policemen values('3468353', '李敏', '410185199309123456', '1993-09-12', 'F', '汉族', '13512345678', 'limin@example.com', '在职', '警员', 'K#6!jM4o');
insert into policemen values('8944220', '陈勇', '330621198607203456', '1986-07-20', 'M', '汉族', '13612345678', 'chenyong@example.com', '在职', '警督', 'W$2bZ4*p');
insert into policemen values('5397878', '王霞', '210381199205283456', '1992-05-28', 'F', '汉族', '13712345678', 'wangxia@example.com', '在职', '学员', '#1eL3D4r');
insert into policemen values('5669953', '刘平', '430481198903143456', '1989-03-14', 'M', '汉族', '13912345678', 'liuping@example.com', '离职', '警员', 'K%4G*8fC');
insert into policemen values('2779294', '杨丽', '510301198402103456', '1984-02-10', 'F', '汉族', '13112345678', 'yangli@example.com', '在职', '警督', '!Q9cE3mP');
insert into policemen values('6361422', '张勇', '542524199011073456', '1990-11-07', 'M', '回族', '13212345678', 'zhangyong@example.com', '在职', '总警监', 'A5&wP2*J');
insert into policemen values('5498276', '陈娟', '350702199004233456', '1990-04-23', 'F', '汉族', '13312345678', 'chenjuan@example.com', '离职', '警员', 'Q&2hX4n!');
insert into policemen values('5230056', '张伟', '321322199302263456', '1993-02-26', 'M', '汉族', '13412345678', 'zhangwei@example.com', '在职', '警督', '!4dS%8wC');
insert into policemen values('1227442', '李敏', '410185199309123456', '1993-09-12', 'F', '汉族', '13512345678', 'limin@example.com', '在职', '警员', 'K#6!jM4o');
insert into policemen values('6898871', '刘静', '110101198202183456', '1982-02-18', 'F', '汉族', '13612345678', 'liujing@example.com', '离职', '学员', 'E*5@J8sH');
insert into policemen values('4566800', '陈勇', '330621198607203456', '1986-07-20', 'M', '汉族', '13712345678', 'chenyong@example.com', '在职', '警督', 'W$2bZ4*p');
insert into policemen values('4279251', '王霞', '210381199205283456', '1992-05-28', 'F', '汉族', '13912345678', 'wangxia@example.com', '在职', '学员', '#1eL3D4r');
insert into policemen values('4368909', '刘平', '430481198903143456', '1989-03-14', 'M', '汉族', '13112345678', 'liuping@example.com', '离职', '警员', 'K%4G*8fC');
insert into policemen values('0549338', '杨丽', '510301198402103456', '1984-02-10', 'F', '汉族', '13212345678', 'yangli@example.com', '在职', '警督', '!Q9cE3mP');
insert into policemen values('7098247', '陈娟', '350702199004233456', '1990-04-23', 'F', '汉族', '13312345678', 'chenjuan@example.com', '离职', '警员', 'Q&2hX4n!');
insert into policemen values('1647197', '张伟', '321322199302263456', '1993-02-26', 'M', '汉族', '13412345678', 'zhangwei@example.com', '在职', '警督', '!4dS%8wC');
insert into policemen values('1421730', '李敏', '410185199309123456', '1993-09-12', 'F', '汉族', '13512345678', 'limin@example.com', '在职', '警员', 'K#6!jM4o');
insert into policemen values('5376568', '刘静', '110101198202183456', '1982-02-18', 'F', '汉族', '13612345678', 'liujing@example.com', '离职', '学员', 'E*5@J8sH');
insert into policemen values('0686624', '陈勇', '330621198607203456', '1986-07-20', 'M', '汉族', '13712345678', 'chenyong@example.com', '在职', '警督', 'W$2bZ4*p');
insert into policemen values('4573105', '王霞', '210381199205283456', '1992-05-28', 'F', '汉族', '13912345678', 'wangxia@example.com', '在职', '学员', '#1eL3D4r');
insert into policemen values('1583769', '刘平', '430481198903143456', '1989-03-14', 'M', '汉族', '13112345678', 'liuping@example.com', '离职', '警员', 'K%4G*8fC');
insert into policemen values('0898633', '杨丽', '510301198402103456', '1984-02-10', 'F', '汉族', '13212345678', 'yangli@example.com', '在职', '警督', '!Q9cE3mP');
insert into policemen values('3439263', '张勇', '542524199011073456', '1990-11-07', 'M', '回族', '13312345678', 'zhangyong@example.com', '在职', '总警监', 'A5&wP2*J');
insert into policemen values('0161021', '陈娟', '350702199004233456', '1990-04-23', 'F', '汉族', '13412345678', 'chenjuan@example.com', '离职', '警员', 'Q&2hX4n!');
insert into policemen values('3304501', '张伟', '321322199302263456', '1993-02-26', 'M', '汉族', '13512345678', 'zhangwei@example.com', '在职', '警督', '!4dS%8wC');
insert into policemen values('8018716', '李敏', '410185199309123456', '1993-09-12', 'F', '汉族', '13612345678', 'limin@example.com', '在职', '警员', 'K#6!jM4o');
insert into policemen values('3033645', '刘静', '110101198202183456', '1982-02-18', 'F', '汉族', '13712345678', 'liujing@example.com', '离职', '学员', 'E*5@J8sH');
insert into policemen values('5136351', '王霞', '210381199205283456', '1992-05-28', 'F', '汉族', '13912345678', 'wangxia@example.com', '在职', '学员', '#1eL3D4r');
insert into policemen values('3092810', '刘平', '430481198903143456', '1989-03-14', 'M', '汉族', '13112345678', 'liuping@example.com', '离职', '警员', 'K%4G*8fC');
insert into policemen values('1438801', '杨丽', '510301198402103456', '1984-02-10', 'F', '汉族', '13212345678', 'yangli@example.com', '在职', '警督', '!Q9cE3mP');
insert into policemen values('0348712', '张勇', '542524199011073456', '1990-11-07', 'M', '回族', '13312345678', 'zhangyong@example.com', '在职', '总警监', 'A5&wP2*J');
insert into policemen values('1623668', '陈娟', '350702199004233456', '1990-04-23', 'F', '汉族', '13412345678', 'chenjuan@example.com', '离职', '警员', 'Q&2hX4n!');
insert into policemen values('4576138', '张伟', '321322199302263456', '1993-02-26', 'M', '汉族', '13512345678', 'zhangwei@example.com', '在职', '警督', '!4dS%8wC');
insert into policemen values('1470369', '李敏', '410185199309123456', '1993-09-12', 'F', '汉族', '13612345678', 'limin@example.com', '在职', '警员', 'K#6!jM4o');
insert into policemen values('4321440', '刘静', '110101198202183456', '1982-02-18', 'F', '汉族', '13712345678', 'liujing@example.com', '离职', '学员', 'E*5@J8sH');
insert into policemen values('8994554', '陈勇', '330621198607203456', '1986-07-20', 'M', '汉族', '13812345678', 'chenyong@example.com', '在职', '警督', 'W$2bZ4*p');
insert into policemen values('1284452', '王霞', '210381199205283456', '1992-05-28', 'F', '汉族', '13912345678', 'wangxia@example.com', '在职', '学员', '#1eL3D4r');
insert into policemen values('3803833', '刘平', '430481198903143456', '1989-03-14', 'M', '汉族', '13112345678', 'liuping@example.com', '离职', '警员', 'K%4G*8fC');
insert into policemen values('8137263', '杨丽', '510301198402103456', '1984-02-10', 'F', '汉族', '13212345678', 'yangli@example.com', '在职', '警督', '!Q9cE3mP');
insert into policemen values('5028143', '陈娟', '350702199004233456', '1990-04-23', 'F', '汉族', '13312345678', 'chenjuan@example.com', '离职', '警员', 'Q&2hX4n!');
insert into policemen values('2043805', '张伟', '321322199302263456', '1993-02-26', 'M', '汉族', '13412345678', 'zhangwei@example.com', '在职', '警督', '!4dS%8wC');
insert into policemen values('4902936', '李敏', '410185199309123456', '1993-09-12', 'F', '汉族', '13512345678', 'limin@example.com', '在职', '警员', 'K#6!jM4o');
insert into policemen values('9798491', '刘静', '110101198202183456', '1982-02-18', 'F', '汉族', '13612345678', 'liujing@example.com', '离职', '学员', 'E*5@J8sH');
insert into policemen values('1805152', '陈勇', '330621198607203456', '1986-07-20', 'M', '汉族', '13712345678', 'chenyong@example.com', '在职', '警督', 'W$2bZ4*p');
insert into policemen values('1858441', '王霞', '210381199205283456', '1992-05-28', 'F', '汉族', '13912345678', 'wangxia@example.com', '在职', '学员', '#1eL3D4r');
insert into policemen values('3997757', '刘平', '430481198903143456', '1989-03-14', 'M', '汉族', '13112345678', 'liuping@example.com', '离职', '警员', 'K%4G*8fC');
insert into policemen values('2472505', '杨丽', '510301198402103456', '1984-02-10', 'F', '汉族', '13212345678', 'yangli@example.com', '在职', '警督', '!Q9cE3mP');
insert into policemen values('9191690', '张勇', '542524199011073456', '1990-11-07', 'M', '回族', '13312345678', 'zhangyong@example.com', '在职', '总警监', 'A5&wP2*J');
insert into policemen values('9188716', '陈娟', '350702199004233456', '1990-04-23', 'F', '汉族', '13412345678', 'chenjuan@example.com', '离职', '警员', 'Q&2hX4n!');
insert into policemen values('5646145', '张伟', '321322199302263456', '1993-02-26', 'M', '汉族', '13512345678', 'zhangwei@example.com', '在职', '警督', '!4dS%8wC');
insert into policemen values('0843435', '李敏', '410185199309123456', '1993-09-12', 'F', '汉族', '13612345678', 'limin@example.com', '在职', '警员', 'K#6!jM4o');

INSERT INTO police_equipment VALUES ('1301010', '手枪', 1, '431028013');
INSERT INTO police_equipment VALUES ('2101019', '警棍', 0, '130101005');
INSERT INTO police_equipment VALUES ('3201012', '手铐', 1, '120102004');
INSERT INTO police_equipment VALUES ('4101035', '防弹背心', 1, '110102002');
INSERT INTO police_equipment VALUES ('4401023', '催泪弹', 0, '110101001');
INSERT INTO police_equipment VALUES ('3301041', '手枪', 1, '320101006');
INSERT INTO police_equipment VALUES ('4201027', '警棍', 1, '440102007');
INSERT INTO police_equipment VALUES ('3101064', '手铐', 0, '510101008');
INSERT INTO police_equipment VALUES ('1301025', '防弹背心', 1, '320102009');
INSERT INTO police_equipment VALUES ('3201053', '催泪弹', 1, '330101010');
INSERT INTO police_equipment VALUES ('4101016', '手枪', 0, '610101011');
INSERT INTO police_equipment VALUES ('4401028', '警棍', 1, '330102012');
INSERT INTO police_equipment VALUES ('3201031', '手铐', 1, '440101013');
INSERT INTO police_equipment VALUES ('3301037', '防弹背心', 0, '320103014');
INSERT INTO police_equipment VALUES ('4401036', '催泪弹', 1, '330103015');
INSERT INTO police_equipment VALUES ('5101029', '手枪', 1, '440103016');
INSERT INTO police_equipment VALUES ('3101044', '警棍', 0, '510102017');
INSERT INTO police_equipment VALUES ('3201015', '手铐', 1, '610102018');
INSERT INTO police_equipment VALUES ('3301062', '防弹背心', 1, '320104019');
INSERT INTO police_equipment VALUES ('4401057', '催泪弹', 0, '330104020');
INSERT INTO police_equipment VALUES ('3301058', '手枪', 1, '330105021');
INSERT INTO police_equipment VALUES ('3201013', '警棍', 1, '440104022');
INSERT INTO police_equipment VALUES ('3201054', '手铐', 0, '510103023');
INSERT INTO police_equipment VALUES ('3201048', '防弹背心', 1, '610103024');
INSERT INTO police_equipment VALUES ('3301022', '催泪弹', 1, '320105025');
INSERT INTO police_equipment VALUES ('4401017', '手枪', 0, '440105026');
INSERT INTO police_equipment VALUES ('3201028', '警棍', 1, '510104027');
INSERT INTO police_equipment VALUES ('4401056', '手铐', 1, '610104028');
INSERT INTO police_equipment VALUES ('3301025', '防弹背心', 1, '320106029');
INSERT INTO police_equipment VALUES ('4401038', '催泪弹', 0, '330106030');
INSERT INTO police_equipment VALUES ('3301017', '手枪', 1, '431028013');
INSERT INTO police_equipment VALUES ('2101011', '警棍', 0, '130101005');
INSERT INTO police_equipment VALUES ('3201019', '手铐', 1, '120102004');
INSERT INTO police_equipment VALUES ('4101055', '防弹背心', 1, '110102002');
INSERT INTO police_equipment VALUES ('4401046', '催泪弹', 0, '110101001');
INSERT INTO police_equipment VALUES ('3301052', '手枪', 1, '320101006');
INSERT INTO police_equipment VALUES ('4201038', '警棍', 1, '440102007');
INSERT INTO police_equipment VALUES ('3101014', '手铐', 0, '510101008');
INSERT INTO police_equipment VALUES ('1301068', '防弹背心', 1, '320102009');
INSERT INTO police_equipment VALUES ('4401032', '催泪弹', 1, '330101010');
INSERT INTO police_equipment VALUES ('6101044', '手枪', 0, '610101011');
INSERT INTO police_equipment VALUES ('3301076', '警棍', 1, '330102012');
INSERT INTO police_equipment VALUES ('4401099', '手铐', 1, '440101013');
INSERT INTO police_equipment VALUES ('3201035', '防弹背心', 0, '320103014');
INSERT INTO police_equipment VALUES ('4101032', '催泪弹', 1, '330103015');
INSERT INTO police_equipment VALUES ('5101046', '手枪', 1, '440103016');
INSERT INTO police_equipment VALUES ('3101057', '警棍', 0, '510102017');
INSERT INTO police_equipment VALUES ('3201045', '手铐', 1, '610102018');
INSERT INTO police_equipment VALUES ('3301033', '防弹背心', 1, '320104019');
INSERT INTO police_equipment VALUES ('4401042', '催泪弹', 0, '330104020');
INSERT INTO police_equipment VALUES ('3301089', '手枪', 1, '330105021');
INSERT INTO police_equipment VALUES ('3201080', '警棍', 1, '440104022');
INSERT INTO police_equipment VALUES ('3201025', '手铐', 0, '510103023');
INSERT INTO police_equipment VALUES ('3301067', '防弹背心', 1, '610103024');
INSERT INTO police_equipment VALUES ('4401076', '催泪弹', 1, '320105025');
INSERT INTO police_equipment VALUES ('3101019', '手枪', 0, '440105026');
INSERT INTO police_equipment VALUES ('3201082', '警棍', 1, '510104027');
INSERT INTO police_equipment VALUES ('4401074', '手铐', 1, '610104028');
INSERT INTO police_equipment VALUES ('3201068', '防弹背心', 1, '320106029');
INSERT INTO police_equipment VALUES ('3301043', '催泪弹', 0, '330106030');
INSERT INTO police_equipment VALUES ('3301019', '手枪', 1, '431028013');
INSERT INTO police_equipment VALUES ('2101037', '警棍', 0, '130101005');
INSERT INTO police_equipment VALUES ('3201021', '手铐', 1, '120102004');
INSERT INTO police_equipment VALUES ('4101038', '防弹背心', 1, '110102002');
INSERT INTO police_equipment VALUES ('4401024', '催泪弹', 0, '110101001');
INSERT INTO police_equipment VALUES ('3301031', '手枪', 1, '320101006');
INSERT INTO police_equipment VALUES ('4201066', '警棍', 1, '440102007');
INSERT INTO police_equipment VALUES ('3101019', '手铐', 0, '510101008');
INSERT INTO police_equipment VALUES ('1301074', '防弹背心', 1, '320102009');
INSERT INTO police_equipment VALUES ('3301063', '催泪弹', 1, '330101010');
INSERT INTO police_equipment VALUES ('6101018', '手枪', 0, '610101011');
INSERT INTO police_equipment VALUES ('3301034', '警棍', 1, '330102012');
INSERT INTO police_equipment VALUES ('4401096', '手铐', 1, '440101013');
INSERT INTO police_equipment VALUES ('3201022', '防弹背心', 0, '320103014');
INSERT INTO police_equipment VALUES ('4101027', '催泪弹', 1, '330103015');

INSERT INTO equipment_use VALUES ('1301010', '2426478', TIMESTAMP '2023-06-28 16:34:46', TIMESTAMP '2023-06-30 12:55:53');
INSERT INTO equipment_use VALUES ('2101019', '3889043', TIMESTAMP '2023-06-30 09:52:59', TIMESTAMP '2023-07-01 15:18:04');
INSERT INTO equipment_use VALUES ('3201012', '9836582', TIMESTAMP '2023-07-01 11:45:07', TIMESTAMP '2023-07-03 13:57:25');
INSERT INTO equipment_use VALUES ('4101035', '9836582', TIMESTAMP '2023-06-29 18:22:14', TIMESTAMP '2023-07-02 10:36:42');
INSERT INTO equipment_use VALUES ('4401023', '0715805', TIMESTAMP '2023-07-01 10:05:39', TIMESTAMP '2023-07-03 15:28:56');
INSERT INTO equipment_use VALUES ('3301041', '0715805', TIMESTAMP '2023-06-30 14:48:22', TIMESTAMP '2023-07-01 17:50:37');
INSERT INTO equipment_use VALUES ('4201027', '0975704', TIMESTAMP '2023-06-30 17:59:51', TIMESTAMP '2023-07-01 12:15:16');
INSERT INTO equipment_use VALUES ('3101064', '0975704', TIMESTAMP '2023-07-01 09:42:10', TIMESTAMP '2023-07-03 14:08:32');
INSERT INTO equipment_use VALUES ('1301025', '0975704', TIMESTAMP '2023-06-29 16:33:09', TIMESTAMP '2023-07-02 11:25:27');
INSERT INTO equipment_use VALUES ('3201053', '7614546', TIMESTAMP '2023-07-01 15:10:39', TIMESTAMP '2023-07-03 10:55:48');
INSERT INTO equipment_use VALUES ('4101016', '7614546', TIMESTAMP '2023-07-01 12:58:17', TIMESTAMP '2023-07-03 15:40:23');
INSERT INTO equipment_use VALUES ('4401028', '7614546', TIMESTAMP '2023-06-30 22:15:28', TIMESTAMP '2023-07-02 08:36:45');
INSERT INTO equipment_use VALUES ('3201031', '9884669', TIMESTAMP '2023-06-30 10:37:56', TIMESTAMP '2023-07-01 19:56:04');
INSERT INTO equipment_use VALUES ('3301037', '7104084', TIMESTAMP '2023-06-30 10:37:56', TIMESTAMP '2023-07-01 19:56:04');
INSERT INTO equipment_use VALUES ('4401036', '7104084', TIMESTAMP '2023-06-29 14:22:07', TIMESTAMP '2023-07-01 17:48:12');
INSERT INTO equipment_use VALUES ('5101029', '4712543', TIMESTAMP '2023-06-30 09:55:41', TIMESTAMP '2023-07-01 14:27:56');
INSERT INTO equipment_use VALUES ('3101044', '8167027', TIMESTAMP '2023-06-28 13:18:11', TIMESTAMP '2023-06-30 17:35:29');
INSERT INTO equipment_use VALUES ('3201015', '2085174', TIMESTAMP '2023-06-30 10:54:38', TIMESTAMP '2023-07-02 16:20:48');
INSERT INTO equipment_use VALUES ('3301062', '1313149', TIMESTAMP '2023-06-30 08:33:24', TIMESTAMP '2023-07-01 19:47:18');
INSERT INTO equipment_use VALUES ('4401057', '2085174', TIMESTAMP '2023-06-29 17:58:36', TIMESTAMP '2023-07-02 11:13:49');
INSERT INTO equipment_use VALUES ('3301058', '2085174', TIMESTAMP '2023-07-01 08:25:47', TIMESTAMP '2023-07-03 14:50:59');
INSERT INTO equipment_use VALUES ('3201013', '9231816', TIMESTAMP '2023-06-30 21:44:55', TIMESTAMP '2023-07-02 09:15:05');
INSERT INTO equipment_use VALUES ('3201054', '9231816', TIMESTAMP '2023-06-28 19:52:10', TIMESTAMP '2023-06-30 15:20:33');
INSERT INTO equipment_use VALUES ('3201048', '1301569', TIMESTAMP '2023-07-01 12:35:24', TIMESTAMP '2023-07-03 17:08:16');
INSERT INTO equipment_use VALUES ('3301022', '0763368', TIMESTAMP '2023-06-30 11:15:38', TIMESTAMP '2023-07-01 18:40:42');
INSERT INTO equipment_use VALUES ('4401017', '6586238', TIMESTAMP '2023-06-30 22:48:45', TIMESTAMP '2023-07-02 09:32:53');
INSERT INTO equipment_use VALUES ('3201028', '3468353', TIMESTAMP '2023-06-29 13:02:51', TIMESTAMP '2023-07-01 16:45:08');
INSERT INTO equipment_use VALUES ('4401056', '0843435', TIMESTAMP '2023-06-30 19:17:32', TIMESTAMP '2023-07-02 14:41:27');
INSERT INTO equipment_use VALUES ('3301025', '5646145', TIMESTAMP '2023-06-30 09:15:23', TIMESTAMP '2023-07-01 14:28:45');
INSERT INTO equipment_use VALUES ('4401038', '9188716', TIMESTAMP '2023-06-29 16:40:12', TIMESTAMP '2023-07-02 10:55:31');
INSERT INTO equipment_use VALUES ('3301017', '9191690', TIMESTAMP '2023-07-01 08:27:56', TIMESTAMP '2023-07-03 12:45:21');
INSERT INTO equipment_use VALUES ('2101011', '2472505', TIMESTAMP '2023-06-28 14:50:33', TIMESTAMP '2023-06-30 17:36:48');
INSERT INTO equipment_use VALUES ('3201019', '3997757', TIMESTAMP '2023-06-30 10:12:57', TIMESTAMP '2023-07-01 18:20:04');
INSERT INTO equipment_use VALUES ('4101055', '1858441', TIMESTAMP '2023-06-30 21:36:44', TIMESTAMP '2023-07-01 09:43:58');
INSERT INTO equipment_use VALUES ('4401046', '1805152', TIMESTAMP '2023-06-28 17:59:22', TIMESTAMP '2023-06-30 13:15:47');
INSERT INTO equipment_use VALUES ('3301052', '9798491', TIMESTAMP '2023-06-30 12:38:19', TIMESTAMP '2023-07-01 16:54:02');
INSERT INTO equipment_use VALUES ('4201038', '4902936', TIMESTAMP '2023-06-30 08:05:33', TIMESTAMP '2023-07-01 15:28:10');
INSERT INTO equipment_use VALUES ('3101014', '2043805', TIMESTAMP '2023-06-29 18:46:27', TIMESTAMP '2023-07-02 11:15:39');
INSERT INTO equipment_use VALUES ('1301068', '5028143', TIMESTAMP '2023-07-01 09:32:48', TIMESTAMP '2023-07-03 14:05:52');
INSERT INTO equipment_use VALUES ('4401032', '8137263', TIMESTAMP '2023-06-28 13:57:04', TIMESTAMP '2023-06-30 08:12:16');
INSERT INTO equipment_use VALUES ('6101044', '3803833', TIMESTAMP '2023-06-30 16:23:21', TIMESTAMP '2023-07-02 19:40:58');
INSERT INTO equipment_use VALUES ('3301076', '1284452', TIMESTAMP '2023-06-29 11:45:09', TIMESTAMP '2023-07-01 17:55:26');
INSERT INTO equipment_use VALUES ('4401099', '8994554', TIMESTAMP '2023-06-30 13:54:18', TIMESTAMP '2023-07-02 10:22:35');
INSERT INTO equipment_use VALUES ('3201035', '4321440', TIMESTAMP '2023-06-30 19:38:27', TIMESTAMP '2023-07-01 16:49:41');
INSERT INTO equipment_use VALUES ('4101032', '1470369', TIMESTAMP '2023-06-30 22:41:50', TIMESTAMP '2023-07-01 11:58:34');
INSERT INTO equipment_use VALUES ('5101046', '4576138', TIMESTAMP '2023-06-29 15:07:59', TIMESTAMP '2023-07-02 08:36:14');

INSERT INTO employ VALUES ('2426478', '431028013',DATE  '2022-05-10', NULL);
INSERT INTO employ VALUES ('3889043', '130101005', DATE '2023-01-15', NULL);
INSERT INTO employ VALUES ('9836582', '120102004',DATE  '2023-06-22', DATE '2023-12-31');
INSERT INTO employ VALUES ('1691715', '110102002',DATE  '2023-03-05', NULL);
INSERT INTO employ VALUES ('0975704', '110101001', DATE '2022-08-18', NULL);
INSERT INTO employ VALUES ('0715805', '320101006', DATE '2022-07-29', NULL);
INSERT INTO employ VALUES ('4264114', '440102007', DATE '2022-11-30', NULL);
INSERT INTO employ VALUES ('8837988', '510101008', DATE '2023-02-21', NULL);
INSERT INTO employ VALUES ('6827713', '320102009', DATE '2023-04-17', NULL);
INSERT INTO employ VALUES ('4348435', '330101010', DATE '2022-09-23', NULL);
INSERT INTO employ VALUES ('9234086', '610101011', DATE '2023-05-08', NULL);
INSERT INTO employ VALUES ('8268264', '330102012', DATE '2022-12-08', NULL);
INSERT INTO employ VALUES ('9173384', '440101013', DATE '2023-07-01', NULL);
INSERT INTO employ VALUES ('7150329', '320103014', DATE '2022-07-11', NULL);
INSERT INTO employ VALUES ('5218977', '330103015', DATE '2023-01-03', NULL);
INSERT INTO employ VALUES ('7614546', '440103016', DATE '2023-02-06', NULL);
INSERT INTO employ VALUES ('4789420', '510102017', DATE '2023-05-19', NULL);
INSERT INTO employ VALUES ('4693712', '610102018', DATE '2023-03-27', NULL);
INSERT INTO employ VALUES ('8734165', '320104019', DATE '2022-10-03', NULL);
INSERT INTO employ VALUES ('0664786', '330104020', DATE '2023-04-08', NULL);
INSERT INTO employ VALUES ('9884669', '330105021', DATE '2023-06-15', NULL);
INSERT INTO employ VALUES ('7104084', '440104022', DATE '2022-07-14', NULL);
INSERT INTO employ VALUES ('3242355', '510103023', DATE '2022-09-08', NULL);
INSERT INTO employ VALUES ('2402834', '610103024', DATE '2022-07-20', NULL);
INSERT INTO employ VALUES ('5639807', '320105025', DATE '2023-01-31', NULL);
INSERT INTO employ VALUES ('8167027', '440105026', DATE '2023-02-25', NULL);
INSERT INTO employ VALUES ('7233141', '510104027', DATE '2023-06-05', NULL);
INSERT INTO employ VALUES ('4712543', '610104028', DATE '2023-03-13', NULL);
INSERT INTO employ VALUES ('7003217', '320106029', DATE '2022-08-28', NULL);
INSERT INTO employ VALUES ('1313149', '330106030', DATE '2023-05-25', NULL);
INSERT INTO employ VALUES ('2085174', '440105026', DATE '2023-06-29', NULL);
INSERT INTO employ VALUES ('8712011', '431028013', DATE '2022-08-05', NULL);
INSERT INTO employ VALUES ('6916120', '330102012', DATE '2022-10-19', NULL);
INSERT INTO employ VALUES ('9231816', '110102002', DATE '2023-02-14', NULL);
INSERT INTO employ VALUES ('0956317', '440101013', DATE '2023-06-17', NULL);
INSERT INTO employ VALUES ('8988132', '320103014', DATE '2022-07-16', NULL);
INSERT INTO employ VALUES ('5480803', '330105021', DATE '2022-09-04', NULL);
INSERT INTO employ VALUES ('1301569', '610104028', DATE '2023-01-18', NULL);
INSERT INTO employ VALUES ('0763368', '320104019', DATE '2023-05-30', NULL);
INSERT INTO employ VALUES ('6586238', '330104020', DATE '2022-12-11', NULL);
INSERT INTO employ VALUES ('3468353', '440103016', DATE '2023-07-03', NULL);
INSERT INTO employ VALUES ('0843435', '510101008', DATE '2022-07-23', NULL);
INSERT INTO employ VALUES ('5646145', '120102004', DATE '2022-09-29', NULL);
INSERT INTO employ VALUES ('9188716', '330106030', DATE '2022-11-26', NULL);
INSERT INTO employ VALUES ('9191690', '320105025', DATE '2023-04-20', NULL);
INSERT INTO employ VALUES ('2472505', '330103015', DATE '2023-02-10', NULL);
INSERT INTO employ VALUES ('3997757', '610102018', DATE '2023-06-12', NULL);
INSERT INTO employ VALUES ('1858441', '431028013', DATE '2022-07-08', NULL);
INSERT INTO employ VALUES ('1805152', '440105026', DATE '2023-01-29', NULL);
INSERT INTO employ VALUES ('9798491', '330102012', DATE '2023-05-23', NULL);
INSERT INTO employ VALUES ('4902936', '440101013', DATE '2022-08-15', NULL);
INSERT INTO employ VALUES ('2043805', '320103014',DATE  '2022-09-25', NULL);
INSERT INTO employ VALUES ('5028143', '330105021', DATE '2023-03-14', NULL);
INSERT INTO employ VALUES ('8137263', '610104028', DATE '2022-07-18', NULL);
INSERT INTO employ VALUES ('3803833', '320104019', DATE '2023-01-27', NULL);
INSERT INTO employ VALUES ('1284452', '330104020', DATE '2023-04-11', NULL);
INSERT INTO employ VALUES ('8994554', '440103016', DATE '2023-06-26', NULL);
INSERT INTO employ VALUES ('4321440', '510101008', DATE '2022-07-01', NULL);
INSERT INTO employ VALUES ('1470369', '610102018', DATE '2023-04-06', NULL);
INSERT INTO employ VALUES ('4576138', '330106030', DATE '2023-02-04', NULL);
INSERT INTO employ VALUES ('1623668', '320105025', DATE '2022-10-12', NULL);
INSERT INTO employ VALUES ('0348712', '440105026', DATE '2023-06-21', NULL);
INSERT INTO employ VALUES ('1438801', '431028013', DATE '2022-07-13', NULL);
INSERT INTO employ VALUES ('3092810', '330102012', DATE '2023-01-08', NULL);
INSERT INTO employ VALUES ('5136351', '110102002', DATE '2022-09-18', NULL);
INSERT INTO employ VALUES ('3033645', '440101013', DATE '2023-05-20', NULL);
INSERT INTO employ VALUES ('8018716', '320103014', DATE '2023-02-16', NULL);
INSERT INTO employ VALUES ('3304501', '330105021', DATE '2022-08-27', NULL);
INSERT INTO employ VALUES ('0161021', '610104028', DATE '2023-03-07', NULL);
INSERT INTO employ VALUES ('3439263', '320104019', DATE '2022-12-14', NULL);
INSERT INTO employ VALUES ('0898633', '330104020',DATE  '2023-04-01', NULL);
INSERT INTO employ VALUES ('1583769', '440103016', DATE '2023-06-30', NULL);
INSERT INTO employ VALUES ('4573105', '510101008', DATE '2022-07-05', NULL);
INSERT INTO employ VALUES ('0686624', '610102018', DATE '2023-01-23', NULL);
INSERT INTO employ VALUES ('5376568', '330106030',DATE  '2022-10-28', NULL);
INSERT INTO employ VALUES ('1421730', '320105025', DATE '2023-05-13', NULL);
INSERT INTO employ VALUES ('1647197', '440105026', DATE '2023-02-19', NULL);
INSERT INTO employ VALUES ('7098247', '431028013', DATE '2022-07-26', NULL);
INSERT INTO employ VALUES ('0549338', '330102012', DATE '2022-09-11', NULL);
INSERT INTO employ VALUES ('4368909', '110102002', DATE '2023-01-04', NULL);
INSERT INTO employ VALUES ('4279251', '440101013', DATE '2023-05-27', NULL);
INSERT INTO employ VALUES ('4566800', '320103014', DATE '2022-07-06', NULL);
INSERT INTO employ VALUES ('6898871', '330105021', DATE '2023-01-15', NULL);
INSERT INTO employ VALUES ('1227442', '610104028', DATE '2023-04-10', NULL);
INSERT INTO employ VALUES ('5230056', '320104019', DATE '2023-06-23', NULL);
INSERT INTO employ VALUES ('5498276', '330104020', DATE '2022-08-09', NULL);
INSERT INTO employ VALUES ('6361422', '440103016', DATE '2023-02-12', NULL);
INSERT INTO employ VALUES ('2779294', '510101008', DATE '2023-06-25', NULL);
INSERT INTO employ VALUES ('5669953', '610102018', DATE '2022-07-30', NULL);
INSERT INTO employ VALUES ('5397878', '330106030', DATE '2023-01-28', NULL);
INSERT INTO employ VALUES ('8944220', '320105025', DATE '2022-09-02', NULL);
INSERT INTO employ VALUES ('7009857', '431028013', DATE '2023-03-10', NULL);
INSERT INTO employ VALUES ('0767880', '330102012',DATE  '2023-05-24', NULL);
INSERT INTO employ VALUES ('6768733', '110102002', DATE '2022-10-26', NULL);
INSERT INTO employ VALUES ('9524112', '440101013', DATE '2023-04-18', NULL);
INSERT INTO employ VALUES ('0915966', '320103014', DATE '2022-07-21', NULL);
INSERT INTO employ VALUES ('8942350', '330105021', DATE '2023-01-13', NULL);
INSERT INTO employ VALUES ('0673800', '610104028', DATE '2023-03-29', NULL);
INSERT INTO employ VALUES ('3074505', '320104019', DATE '2022-09-05', NULL);
INSERT INTO employ VALUES ('8761423', '330104020', DATE '2023-05-08', NULL);

INSERT INTO vehicle VALUES ('152117', '大型巴士', 0);
INSERT INTO vehicle VALUES ('324905', '小轿车', 1);
INSERT INTO vehicle VALUES ('433221', '摩托车', 0);
INSERT INTO vehicle VALUES ('211346', '大巴车', 1);
INSERT INTO vehicle VALUES ('542381', '两座摩托', 0);
INSERT INTO vehicle VALUES ('323815', '小轿车', 1);
INSERT INTO vehicle VALUES ('125448', '大型巴士', 0);
INSERT INTO vehicle VALUES ('453192', '摩托车', 1);
INSERT INTO vehicle VALUES ('212310', '大巴车', 0);
INSERT INTO vehicle VALUES ('522893', '两座摩托', 1);
INSERT INTO vehicle VALUES ('111513', '大型巴士', 0);
INSERT INTO vehicle VALUES ('442256', '摩托车', 1);
INSERT INTO vehicle VALUES ('312496', '小轿车', 0);
INSERT INTO vehicle VALUES ('231199', '大巴车', 1);
INSERT INTO vehicle VALUES ('555853', '两座摩托', 0);
INSERT INTO vehicle VALUES ('421677', '摩托车', 1);
INSERT INTO vehicle VALUES ('344465', '小轿车', 0);
INSERT INTO vehicle VALUES ('125973', '大型巴士', 1);
INSERT INTO vehicle VALUES ('411802', '摩托车', 0);
INSERT INTO vehicle VALUES ('213654', '大巴车', 1);
INSERT INTO vehicle VALUES ('533827', '两座摩托', 0);
INSERT INTO vehicle VALUES ('115358', '大型巴士', 1);
INSERT INTO vehicle VALUES ('442330', '摩托车', 0);
INSERT INTO vehicle VALUES ('312614', '小轿车', 1);
INSERT INTO vehicle VALUES ('232224', '大巴车', 0);
INSERT INTO vehicle VALUES ('554484', '两座摩托', 1);
INSERT INTO vehicle VALUES ('111660', '大型巴士', 0);
INSERT INTO vehicle VALUES ('441881', '摩托车', 1);
INSERT INTO vehicle VALUES ('312014', '小轿车', 0);
INSERT INTO vehicle VALUES ('123894', '大巴车', 1);
INSERT INTO vehicle VALUES ('532196', '两座摩托', 0);
INSERT INTO vehicle VALUES ('442903', '摩托车', 1);
INSERT INTO vehicle VALUES ('212097', '大巴车', 0);
INSERT INTO vehicle VALUES ('555021', '两座摩托', 1);
INSERT INTO vehicle VALUES ('113929', '大型巴士', 0);
INSERT INTO vehicle VALUES ('432243', '摩托车', 1);
INSERT INTO vehicle VALUES ('314222', '小轿车', 0);
INSERT INTO vehicle VALUES ('231186', '大巴车', 1);
INSERT INTO vehicle VALUES ('524810', '两座摩托', 0);
INSERT INTO vehicle VALUES ('125080', '大型巴士', 1);
INSERT INTO vehicle VALUES ('444060', '摩托车', 0);
INSERT INTO vehicle VALUES ('310935', '小轿车', 1);
INSERT INTO vehicle VALUES ('232807', '大巴车', 0);
INSERT INTO vehicle VALUES ('551659', '两座摩托', 1);
INSERT INTO vehicle VALUES ('110953', '大型巴士', 0);
INSERT INTO vehicle VALUES ('442442', '摩托车', 1);
INSERT INTO vehicle VALUES ('311704', '小轿车', 0);
INSERT INTO vehicle VALUES ('212485', '大巴车', 1);
INSERT INTO vehicle VALUES ('532013', '两座摩托', 0);
INSERT INTO vehicle VALUES ('113293', '大型巴士', 1);
INSERT INTO vehicle VALUES ('440163', '摩托车', 0);
INSERT INTO vehicle VALUES ('314274', '小轿车', 1);
INSERT INTO vehicle VALUES ('235771', '大巴车', 0);
INSERT INTO vehicle VALUES ('552314', '两座摩托', 1);
INSERT INTO vehicle VALUES ('110525', '大型巴士', 0);
INSERT INTO vehicle VALUES ('440759', '摩托车', 1);
INSERT INTO vehicle VALUES ('313328', '小轿车', 0);
INSERT INTO vehicle VALUES ('233648', '大巴车', 1);
INSERT INTO vehicle VALUES ('534482', '两座摩托', 0);
INSERT INTO vehicle VALUES ('115233', '大型巴士', 1);
INSERT INTO vehicle VALUES ('443592', '摩托车', 0);
INSERT INTO vehicle VALUES ('314745', '小轿车', 1);
INSERT INTO vehicle VALUES ('212056', '大巴车', 0);
INSERT INTO vehicle VALUES ('554571', '两座摩托', 1);
INSERT INTO vehicle VALUES ('113887', '大型巴士', 0);
INSERT INTO vehicle VALUES ('441164', '摩托车', 1);
INSERT INTO vehicle VALUES ('310931', '小轿车', 0);
INSERT INTO vehicle VALUES ('234802', '大巴车', 1);
INSERT INTO vehicle VALUES ('533677', '两座摩托', 0);
INSERT INTO vehicle VALUES ('114997', '大型巴士', 1);
INSERT INTO vehicle VALUES ('445160', '摩托车', 0);
INSERT INTO vehicle VALUES ('313736', '小轿车', 1);
INSERT INTO vehicle VALUES ('231597', '大巴车', 0);
INSERT INTO vehicle VALUES ('554062', '两座摩托', 1);
INSERT INTO vehicle VALUES ('111617', '大型巴士', 0);
INSERT INTO vehicle VALUES ('442980', '摩托车', 1);
INSERT INTO vehicle VALUES ('310730', '小轿车', 0);
INSERT INTO vehicle VALUES ('233047', '大巴车', 1);
INSERT INTO vehicle VALUES ('535463', '两座摩托', 0);
INSERT INTO vehicle VALUES ('110927', '大型巴士', 1);
INSERT INTO vehicle VALUES ('442628', '摩托车', 0);
INSERT INTO vehicle VALUES ('312282', '小轿车', 1);
INSERT INTO vehicle VALUES ('231029', '大巴车', 0);
INSERT INTO vehicle VALUES ('553249', '两座摩托', 1);
INSERT INTO vehicle VALUES ('114440', '大型巴士', 0);
INSERT INTO vehicle VALUES ('441175', '摩托车', 1);
INSERT INTO vehicle VALUES ('313534', '小轿车', 0);
INSERT INTO vehicle VALUES ('232457', '大巴车', 1);
INSERT INTO vehicle VALUES ('532598', '两座摩托', 0);
INSERT INTO vehicle VALUES ('110128', '大型巴士', 1);
INSERT INTO vehicle VALUES ('443960', '摩托车', 0);
INSERT INTO vehicle VALUES ('312607', '小轿车', 1);
INSERT INTO vehicle VALUES ('230527', '大巴车', 0);
INSERT INTO vehicle VALUES ('551574', '两座摩托', 1);
INSERT INTO vehicle VALUES ('111068', '大型巴士', 0);
INSERT INTO vehicle VALUES ('444072', '摩托车', 1);
INSERT INTO vehicle VALUES ('314645', '小轿车', 0);
INSERT INTO vehicle VALUES ('233284', '大巴车', 1);
INSERT INTO vehicle VALUES ('534423', '两座摩托', 0);
INSERT INTO vehicle VALUES ('113945', '大型巴士', 1);
INSERT INTO vehicle VALUES ('445363', '摩托车', 0);
INSERT INTO vehicle VALUES ('313931', '小轿车', 1);
INSERT INTO vehicle VALUES ('231127', '大巴车', 0);
INSERT INTO vehicle VALUES ('552886', '两座摩托', 1);
INSERT INTO vehicle VALUES ('110963', '大型巴士', 0);

INSERT INTO vehicle_use VALUES (233648, 510102017, DATE '2023-06-28', DATE '2023-06-29');
INSERT INTO vehicle_use VALUES (534482, 431028013, DATE '2023-07-01', DATE '2023-07-02');
INSERT INTO vehicle_use VALUES (115233, 330101010, DATE '2023-06-29', DATE '2023-06-30');
INSERT INTO vehicle_use VALUES (554062, 610103024, DATE '2023-06-30', DATE '2023-07-01');
INSERT INTO vehicle_use VALUES (312607, 320106029, DATE '2023-06-29', DATE '2023-06-30');
INSERT INTO vehicle_use VALUES (441164, 440105026, DATE '2023-06-27', DATE '2023-06-28');
INSERT INTO vehicle_use VALUES (312282, 110101001, DATE '2023-07-02', DATE '2023-07-03');
INSERT INTO vehicle_use VALUES (231029, 320105025, DATE '2023-06-29', DATE '2023-06-30');
INSERT INTO vehicle_use VALUES (553249, 440102007, DATE '2023-07-01', DATE '2023-07-02');
INSERT INTO vehicle_use VALUES (114440, 431028013, DATE '2023-06-29', DATE '2023-06-30');
INSERT INTO vehicle_use VALUES (443960, 510101008, DATE '2023-07-02', DATE '2023-07-03');
INSERT INTO vehicle_use VALUES (314745, 330103015, DATE '2023-06-30', DATE '2023-07-01');
INSERT INTO vehicle_use VALUES (532598, 440104022, DATE '2023-06-29', DATE '2023-06-30');
INSERT INTO vehicle_use VALUES (553249, 440103016, DATE '2023-06-27', DATE '2023-06-28');
INSERT INTO vehicle_use VALUES (114440, 110101001, DATE '2023-07-02', DATE '2023-07-03');
INSERT INTO vehicle_use VALUES (441175, 320101006, DATE '2023-06-29', DATE '2023-06-30');
INSERT INTO vehicle_use VALUES (310730, 440102007, DATE '2023-07-01', DATE '2023-07-02');
INSERT INTO vehicle_use VALUES (310931, 510101008, DATE '2023-06-30', DATE '2023-07-01');
INSERT INTO vehicle_use VALUES (234802, 320105025, DATE '2023-06-29', DATE '2023-06-30');
INSERT INTO vehicle_use VALUES (533677, 610101011, DATE '2023-06-28', DATE '2023-06-29');
INSERT INTO vehicle_use VALUES (113887, 510103023, DATE '2023-06-30', DATE '2023-07-01');
INSERT INTO vehicle_use VALUES (441164, 431028013, DATE '2023-06-29', DATE '2023-06-30');
INSERT INTO vehicle_use VALUES (310730, 110102002, DATE '2023-07-02', DATE '2023-07-03');
INSERT INTO vehicle_use VALUES (233047, 320101006, DATE '2023-06-28', DATE '2023-06-29');
INSERT INTO vehicle_use VALUES (535463, 440102007, DATE '2023-07-01', DATE '2023-07-02');
INSERT INTO vehicle_use VALUES (114997, 431028013, DATE '2023-06-29', DATE '2023-06-30');
INSERT INTO vehicle_use VALUES (445160, 120102004, DATE '2023-07-02', DATE '2023-07-03');
INSERT INTO vehicle_use VALUES (313736, 330106030, DATE '2023-06-30', DATE '2023-07-01');
INSERT INTO vehicle_use VALUES (231597, 320102009, DATE '2023-06-29', DATE '2023-06-30');
INSERT INTO vehicle_use VALUES (553249, 440103016, DATE '2023-06-27', DATE '2023-06-28');
INSERT INTO vehicle_use VALUES (114440, 110101001, DATE '2023-07-02', DATE '2023-07-03');
INSERT INTO vehicle_use VALUES (441175, 320101006, DATE '2023-06-29', DATE '2023-06-30');
INSERT INTO vehicle_use VALUES (310730, 440102007, DATE '2023-07-01', DATE '2023-07-02');
INSERT INTO vehicle_use VALUES (534423, 431028013, DATE '2023-06-28', DATE '2023-06-29');
INSERT INTO vehicle_use VALUES (552314, 330105021, DATE '2023-06-30', DATE '2023-07-01');
INSERT INTO vehicle_use VALUES (313328, 610104028, DATE '2023-06-29', DATE '2023-06-30');
INSERT INTO vehicle_use VALUES (440163, 440105026, DATE '2023-06-29', DATE '2023-06-30');
INSERT INTO vehicle_use VALUES (313328, 110101001, DATE '2023-07-01', DATE '2023-07-02');
INSERT INTO vehicle_use VALUES (533677, 330102012, DATE '2023-06-29', DATE '2023-06-30');
INSERT INTO vehicle_use VALUES (441164, 320104019, DATE '2023-06-28', DATE '2023-06-29');
INSERT INTO vehicle_use VALUES (115233, 330101010, DATE '2023-07-02', DATE '2023-07-03');
INSERT INTO vehicle_use VALUES (554062, 510103023, DATE '2023-06-29', DATE '2023-06-30');
INSERT INTO vehicle_use VALUES (110927, 431028013, DATE '2023-06-30', DATE '2023-07-01');
INSERT INTO vehicle_use VALUES (442628, 120102004, DATE '2023-06-29', DATE '2023-06-30');
INSERT INTO vehicle_use VALUES (235771, 330103015, DATE '2023-06-27', DATE '2023-06-28');
INSERT INTO vehicle_use VALUES (552314, 610101011, DATE '2023-07-02', DATE '2023-07-03');
INSERT INTO vehicle_use VALUES (532598, 440104022, DATE '2023-06-30', DATE '2023-07-01');
INSERT INTO vehicle_use VALUES (313328, 510101008, DATE '2023-06-29', DATE '2023-06-30');
INSERT INTO vehicle_use VALUES (233648, 320105025, DATE '2023-06-28', DATE '2023-06-29');
INSERT INTO vehicle_use VALUES (534482, 610102018, DATE '2023-07-01', DATE '2023-07-02');
INSERT INTO vehicle_use VALUES (113887, 510102017, DATE '2023-06-30', DATE '2023-07-01');
INSERT INTO vehicle_use VALUES (441164, 431028013, DATE '2023-06-29', DATE '2023-06-30');
INSERT INTO vehicle_use VALUES (310931, 110102002, DATE '2023-07-02', DATE '2023-07-03');
INSERT INTO vehicle_use VALUES (234802, 320101006, DATE '2023-06-28', DATE '2023-06-29');
INSERT INTO vehicle_use VALUES (533677, 440102007, DATE '2023-07-01', DATE '2023-07-02');
INSERT INTO vehicle_use VALUES (114997, 431028013, DATE '2023-06-29', DATE '2023-06-30');
INSERT INTO vehicle_use VALUES (445160, 120102004, DATE '2023-07-02', DATE '2023-07-03');
INSERT INTO vehicle_use VALUES (313736, 330106030, DATE '2023-06-30', DATE '2023-07-01');
INSERT INTO vehicle_use VALUES (231597, 320102009, DATE '2023-06-29', DATE '2023-06-30');
INSERT INTO vehicle_use VALUES (235771, 431028013, DATE '2023-07-01', DATE '2023-07-02');
INSERT INTO vehicle_use VALUES (445160, 330103015, DATE '2023-06-29', DATE '2023-06-30');
INSERT INTO vehicle_use VALUES (532598, 440104022, DATE '2023-06-28', DATE '2023-06-29');
INSERT INTO vehicle_use VALUES (314274, 510101008, DATE '2023-06-30', DATE '2023-07-01');
INSERT INTO vehicle_use VALUES (234802, 320105025, DATE '2023-06-29', DATE '2023-06-30');
INSERT INTO vehicle_use VALUES (554571, 610101011, DATE '2023-06-28', DATE '2023-06-29');
INSERT INTO vehicle_use VALUES (310931, 440102007, DATE '2023-07-02', DATE '2023-07-03');
INSERT INTO vehicle_use VALUES (535463, 610102018, DATE '2023-06-30', DATE '2023-07-01');
INSERT INTO vehicle_use VALUES (313931, 510102017, DATE '2023-06-29', DATE '2023-06-30');
INSERT INTO vehicle_use VALUES (544648, 320106029, DATE '2023-06-27', DATE '2023-06-28');
INSERT INTO vehicle_use VALUES (114997, 330105021, DATE '2023-06-29', DATE '2023-06-30');
INSERT INTO vehicle_use VALUES (443960, 610104028, DATE '2023-06-30', DATE '2023-07-01');
INSERT INTO vehicle_use VALUES (312282, 440105026, DATE '2023-06-28', DATE '2023-06-29');
INSERT INTO vehicle_use VALUES (312607, 110101001, DATE '2023-07-02', DATE '2023-07-03');
INSERT INTO vehicle_use VALUES (314745, 330102012, DATE '2023-06-28', DATE '2023-06-29');
INSERT INTO vehicle_use VALUES (113945, 320104019, DATE '2023-07-01', DATE '2023-07-02');
INSERT INTO vehicle_use VALUES (114440, 330101010, DATE '2023-06-29', DATE '2023-06-30');
INSERT INTO vehicle_use VALUES (443592, 510103023, DATE '2023-06-30', DATE '2023-07-01');
INSERT INTO vehicle_use VALUES (445363, 431028013, DATE '2023-06-29', DATE '2023-06-30');
INSERT INTO vehicle_use VALUES (110525, 120102004, DATE '2023-07-02', DATE '2023-07-03');
INSERT INTO vehicle_use VALUES (535463, 330106030, DATE '2023-06-30', DATE '2023-07-01');
INSERT INTO vehicle_use VALUES (313534, 320102009, DATE '2023-06-29', DATE '2023-06-30');
INSERT INTO vehicle_use VALUES (532598, 440103016, DATE '2023-06-27', DATE '2023-06-28');
INSERT INTO vehicle_use VALUES (310730, 110102002, DATE '2023-07-02', DATE '2023-07-03');
INSERT INTO vehicle_use VALUES (442628, 320101006, DATE '2023-06-29', DATE '2023-06-30');
INSERT INTO vehicle_use VALUES (313736, 440102007, DATE '2023-07-01', DATE '2023-07-02');
INSERT INTO vehicle_use VALUES (533677, 431028013, DATE '2023-06-28', DATE '2023-06-29');
INSERT INTO vehicle_use VALUES (441175, 510101008, DATE '2023-06-29', DATE '2023-06-30');
INSERT INTO vehicle_use VALUES (532598, 330104020, DATE '2023-06-30', DATE '2023-07-01');
INSERT INTO vehicle_use VALUES (114997, 610103024, DATE '2023-06-29', DATE '2023-06-30');

insert into citizen values ('656287195610147585', '陈鹿l', 'M', '946929192012119706', '635824191910303037');
insert into citizen values ('573661200304055753', '冯M', 'F', '208261197110196352', '540145197611309482');
insert into citizen values ('810189196805037005', '陈J鹫', 'F', '476744193412028529', '568464193712227049');
insert into citizen values ('106948196408063422', '王J', 'F', '832464193310312809', '371867193704056403');
insert into citizen values ('134102197311199296', '李~鸫', 'M', '896456195206015369', '900202194005114832');
insert into citizen values ('406120200704095167', '冯麇鹏', 'M', '442577197109271410', '794379198202251758');
insert into citizen values ('389479201205083997', '李[', 'F', '128922198209139948', '887544198001055504');
insert into citizen values ('276403192512297865', '韩O麒', 'M', '886281190003182682', '826309189109097371');
insert into citizen values ('237919194506207245', '范鹰{', 'F', '230880191103012449', '241073192407285361');
insert into citizen values ('522560192803206835', '孙鼍', 'M', '469236189908279932', '130911189504226141');
insert into citizen values ('192611198011118993', '陈齑', 'F', '177674195004187167', '481223195208239748');
insert into citizen values ('700198196610289724', '段]', 'F', '611277192702113226', '898143192808089348');
insert into citizen values ('634952198607039164', '范', 'M', '398268194810097468', '482630194704137631');
insert into citizen values ('411968199001143073', '周UX', 'M', '989376196307217825', '288008195004152459');
insert into citizen values ('159821202304203764', '黄Q', 'M', '194761198510295308', '720774198508219860');
insert into citizen values ('954935199101073885', '李黏', 'M', '577724195602227509', '851382195502253044');
insert into citizen values ('597917200606155027', '陈齑', 'M', '408750198411176877', '593245197711264550');
insert into citizen values ('892527200411136728', '陈R', 'F', '519786196908107121', '655461198312029091');
insert into citizen values ('518797198207053691', '罗鼋', 'M', '375572194403057050', '741367194803159714');
insert into citizen values ('237647197003213434', '赵o鹧', 'F', '292850194309126708', '320240194902272187');
insert into citizen values ('960315198105136771', '沈o', 'M', '984519194306035679', '663374194106132185');
insert into citizen values ('477214195912192228', '冯y', 'M', '176072193305159242', '763518193701229685');
insert into citizen values ('876846200604136479', '杨鹜', 'M', '226415198212302840', '363991198312049438');
insert into citizen values ('740918196207284737', '孙p', 'F', '483971193607116957', '119369194007189598');
insert into citizen values ('784018194611283520', '范龟鹳', 'M', '684722191506247653', '254395192312308736');
insert into citizen values ('105871194109072435', '冯黠]', 'M', '375170190503028534', '244250190507301798');
insert into citizen values ('708765196810243324', '李K', 'M', '387732193003227545', '534714194602149128');
insert into citizen values ('575176195208252643', '周[', 'M', '588870192701082055', '227797193207112304');
insert into citizen values ('149819194701284388', '杨鹂麟', 'F', '177407191303034706', '973718191603192432');
insert into citizen values ('381368195609242318', '段\^', 'F', '791845193607258985', '125930191804069861');
insert into citizen values ('201783196203221493', '李c', 'M', '590291192810289565', '200521193603274517');
insert into citizen values ('880762200011298802', '王黠', 'M', '811911196507255272', '686119196705062243');
insert into citizen values ('975103200904259500', '段vo', 'M', '719331197409013021', '679288198303079351');
insert into citizen values ('738403198011223480', '冯M', 'M', '254366196007016862', '728164195105095233');
insert into citizen values ('896816194801149408', '黄鸽', 'F', '826987191604071485', '383123192304074025');
insert into citizen values ('888408193406248135', '杨麽I', 'F', '574627189512313797', '102676190307062803');
insert into citizen values ('666221192807206845', '周P', 'M', '103961189601291072', '826893190112302244');
insert into citizen values ('874698195511106339', '吴B默', 'M', '609842191604154844', '717161192109228928');
insert into citizen values ('287428197809126975', '赵鹇鹨', 'F', '582834195611024817', '525902195602282680');
insert into citizen values ('698405202009214821', '张鼬M', 'F', '532056200009124126', '224664199405026082');
insert into citizen values ('144850196112166815', '杨黼\', 'M', '980163193606219246', '796184193805292868');
insert into citizen values ('209253196611187432', '黄黪E', 'F', '342644193409205557', '513886193711028805');
insert into citizen values ('329906200606039109', '杨l', 'F', '820243198503094414', '730844197401108155');
insert into citizen values ('285091196312127888', '段YF', 'F', '720081193106133880', '357625193812101326');
insert into citizen values ('817581201504208601', '周', 'F', '570501198606045038', '222025198901103445');
insert into citizen values ('510244195906294116', '沈鼢', 'M', '414726193405033951', '453994192709245903');
insert into citizen values ('436067199802189954', '范鹭h', 'M', '865119197112063918', '191841196701278966');
insert into citizen values ('988294201111029391', '李Z鸲', 'F', '373449198204017816', '108811197603206440');
insert into citizen values ('335553195301176772', '张鹄', 'F', '305227192507311071', '220466193001299449');
insert into citizen values ('590043194010281323', '杨W', 'F', '833300190412084323', '850824191207218159');
insert into citizen values ('727896197007269505', '陈鹃', 'M', '896161194810311308', '402865193812293448');
insert into citizen values ('718139195205195506', '杨鹇', 'M', '725801192912179051', '894292192609137932');
insert into citizen values ('156360196907078451', '沈黼鸩', 'F', '577202194905261131', '961068193511062330');
insert into citizen values ('970958195205089508', '韩鼋z', 'M', '799528192311244847', '639146192507098152');
insert into citizen values ('332828194104225706', '孙龇', 'F', '124908191402097518', '926652192009221980');
insert into citizen values ('120606198211077788', '李鹄', 'F', '891261194610318945', '181409196110286228');
insert into citizen values ('448324197805306031', '黄麸', 'M', '889093195509255116', '465183193808129198');
insert into citizen values ('586908198003127958', '韩z', 'M', '130501194601144302', '341049194405244375');
insert into citizen values ('818617194303142737', '王黜', 'M', '973377190802299501', '589450191002199010');
insert into citizen values ('873759192911157497', '冯i', 'F', '578071189401231939', '904532190901043006');
insert into citizen values ('649796199502031393', '李_鹊', 'F', '694589195811227889', '696528196211039291');
insert into citizen values ('554404201204243522', '陈鹗t', 'M', '367298197210223250', '496197198009235101');
insert into citizen values ('942833196802183742', '王Y', 'M', '240465193701181122', '210261193403247506');
insert into citizen values ('601573200605214065', '韩黪', 'F', '474049198401136936', '576115198108261160');
insert into citizen values ('724935192609082468', '范N', 'F', '230775189809179007', '391094189605216515');
insert into citizen values ('928882198806068962', '沈u', 'M', '422052195911024655', '117368196705034388');
insert into citizen values ('245841199409203563', '范', 'M', '581302195505213891', '285116195503126038');
insert into citizen values ('720258192905128150', '周M', 'F', '405764189906045776', '726383190208279576');
insert into citizen values ('720585200511167879', '黄', 'M', '505600196905271228', '404925197204207592');
insert into citizen values ('289229194909071615', '周', 'F', '181514192605263607', '835030192110082267');
insert into citizen values ('979273201712038845', '李j麝', 'F', '956950199410129861', '151811199106213499');
insert into citizen values ('639362199907042365', '赵黝|', 'F', '749402196107028314', '869770196607121474');
insert into citizen values ('704495196001258266', '冯', 'M', '997974192202058320', '483917192101063263');
insert into citizen values ('554501196810054360', '王z', 'M', '692126193110081528', '554968193004089157');
insert into citizen values ('505584192605052714', '杨_', 'M', '438713190408272111', '702318189609093951');
insert into citizen values ('496083202010136945', '冯N', 'M', '578517198512092537', '713026199501297933');
insert into citizen values ('351196195707133188', '李R', 'F', '512193192206163037', '282177192608266917');
insert into citizen values ('482376193310252503', '吴鸳A', 'F', '362645189801292672', '676542190703288214');
insert into citizen values ('996063199511115401', '沈', 'F', '100119195904128223', '567224197104214672');
insert into citizen values ('676473197203015119', '杨龇', 'M', '733736194612074427', '805665194005109877');
insert into citizen values ('752259198610217021', '孙Y', 'M', '540193196206297396', '818808196510088240');
insert into citizen values ('989397192711111686', '李fl', 'M', '808754189804012858', '219120189410037454');
insert into citizen values ('434720201708131763', '张P', 'M', '899521199601092474', '302705199206049662');
insert into citizen values ('703332192408208615', '沈', 'F', '380908189505311901', '318268189110049957');
insert into citizen values ('639741201312205194', '杨', 'M', '556057198004215703', '950152197904232909');
insert into citizen values ('186630194108185990', '罗p', 'M', '757148190602268826', '449792191907309537');
insert into citizen values ('559055194111095854', '陈Y^', 'M', '409896191605254545', '545380191601291684');
insert into citizen values ('564871192604116454', '周q', 'M', '598060190110315452', '710700188902092756');
insert into citizen values ('468346196001064841', '赵[', 'F', '798046192806023049', '231566193302119489');
insert into citizen values ('731855200301245508', '段V', 'F', '209538196412268676', '384716198003311144');
insert into citizen values ('537781192501231204', '范', 'F', '665999189107315880', '793244190501148752');
insert into citizen values ('487950196010023466', '陈', 'F', '797808192212252401', '799799193308071277');
insert into citizen values ('445715193710211623', '沈', 'M', '771496190204124829', '372983191207171822');
insert into citizen values ('655620199405083945', '赵鹅', 'F', '312932197208251863', '361561195605165085');
insert into citizen values ('538283201308108680', '孙', 'F', '512105198512193025', '282702197609252723');
insert into citizen values ('128694192411092853', '杨', 'F', '731225189312146296', '414351189607118343');
insert into citizen values ('154515197712242639', '范ES', 'F', '711684195104015330', '961387195211204657');
insert into citizen values ('600699196708122065', '段A', 'M', '507693194512034260', '462028193211089971');
insert into citizen values ('469984192502016621', '沈麒C', 'F', '206260190301121903', '861473189604216172');
insert into citizen values ('948768198408308465', '沈O', 'M', '925438195202222016', '972446195511112487');
insert into citizen values ('396206197508195403', '李e', 'F', '739894193603179353', '912830195411044384');
insert into citizen values ('684918199407088847', '周鹗龉', 'F', '944230196611097977', '734452196712165912');
insert into citizen values ('572882201401018231', '陈y', 'M', '100725199306057546', '593029197412292755');
insert into citizen values ('406201193809307649', '冯C', 'M', '340198190305048330', '228845190406125997');
insert into citizen values ('837127193411184431', '范龇', 'F', '350041190904179700', '241540190103043270');
insert into citizen values ('173064195208188247', '赵鹫', 'M', '742891191401109238', '816277191705121987');
insert into citizen values ('584985193804098397', '孙W', 'M', '254469191607111682', '908464191002283255');
insert into citizen values ('965735195107201240', '赵P', 'M', '460844191301285503', '790238191212056696');
insert into citizen values ('228529195909102193', '黄k', 'F', '303614193803258299', '241145192003308458');
insert into citizen values ('911185194009085172', '李A黩', 'M', '334572191810183386', '804457190703029179');
insert into citizen values ('232004202204035757', '周t龌', 'F', '403493200203017794', '405508199808317630');
insert into citizen values ('669338193309213862', '沈f麈', 'F', '718663190605284501', '714036191204299597');
insert into citizen values ('603589201905228424', '王s', 'M', '217097198106181920', '206762199810167764');
insert into citizen values ('825269194403147276', '杨', 'F', '511093192011228061', '403773190505125029');
insert into citizen values ('549033197008051974', '周M', 'M', '355381193312183804', '955591193409082372');
insert into citizen values ('463687196711285742', '冯麒', 'F', '574352194411064221', '935968193904086890');
insert into citizen values ('948000198304287411', '段鸳麟', 'F', '380063195708181081', '521870195803311155');
insert into citizen values ('796967195411248456', '孙P', 'M', '913876192204011189', '740168192811036531');
insert into citizen values ('679879193501246808', '黄m|', 'F', '207152190709221290', '542944189905106421');
insert into citizen values ('164766196310318402', '沈Y鹇', 'M', '391333193407097329', '604212194309159887');
insert into citizen values ('657857201711169250', '罗鹆', 'M', '873438199007021864', '898307198204101268');
insert into citizen values ('525672193904019440', '张', 'F', '472992191210205604', '840075191605205115');
insert into citizen values ('778354199106074263', '李@', 'M', '423362195707104001', '621727195206035853');
insert into citizen values ('582280193904157730', '冯V', 'M', '580865190405278971', '546895191807246478');
insert into citizen values ('123574199905032444', '吴f鼷', 'M', '337643197905064735', '717112195912049904');
insert into citizen values ('773754194705146129', '冯麴', 'F', '852008191810022648', '466798191507073245');
insert into citizen values ('356153201209069585', '沈\', 'F', '542276197506204715', '328294198405111443');
insert into citizen values ('813026199711085167', '孙', 'M', '932697196011072230', '150113196209179041');
insert into citizen values ('420030198601252820', '张', 'F', '551267195709161180', '707661196205089755');
insert into citizen values ('570864202205314953', '段q', 'F', '407058198301145043', '725676198303063176');
insert into citizen values ('950285196309113344', '李鼙', 'M', '882192193704035604', '765609192811109158');
insert into citizen values ('430005199904103733', '吴c', 'F', '627245196108115890', '173657197605302060');
insert into citizen values ('263511193205279579', '范鸬', 'M', '150124189410241198', '193416190309194914');
insert into citizen values ('435004200812063291', '韩@齑', 'F', '345762197606193052', '409359196908244139');
insert into citizen values ('616711195210191340', '范麟F', 'F', '642032191312088066', '438417192203152915');
insert into citizen values ('437255194612138337', '周黪黝', 'F', '159624191405043488', '763377192509091255');
insert into citizen values ('792137196007049706', '陈', 'M', '799739193501113406', '848453193704253890');
insert into citizen values ('473650195209134000', '罗', 'F', '353025191812013329', '964437192907146733');
insert into citizen values ('850043199402281983', '范黻', 'M', '628804195801296082', '956885196302019132');
insert into citizen values ('187014194102052121', '王e', 'F', '567619191506286591', '816842190407222807');
insert into citizen values ('307034199206087971', '李鼍', 'F', '703115196104065634', '675578195603081662');
insert into citizen values ('133168198508153754', '李g', 'F', '594306194605273923', '233090195802267183');
insert into citizen values ('501196197202056103', '段{[', 'F', '444885193504028305', '873583193410289285');
insert into citizen values ('436870193607314688', '段黻黄', 'F', '735648191208108197', '853600189704096452');
insert into citizen values ('104311200907201138', '张黉黜', 'M', '876861198308213482', '391981197601249767');
insert into citizen values ('356817192802198401', '韩r', 'F', '744866189708305524', '483281190202028018');
insert into citizen values ('630421201706299508', '李', 'F', '621167198003121232', '114987198604118109');
insert into citizen values ('426407201902221657', '吴P', 'F', '704897198612237577', '530402198112285925');
insert into citizen values ('121198197802187546', '陈', 'F', '354433194702056459', '671064195408106123');
insert into citizen values ('111852195812275276', '吴黢', 'F', '842714193003224478', '338750192110095192');
insert into citizen values ('650830194506156241', '孙O鸟', 'F', '539326190801181284', '669466191602223546');
insert into citizen values ('749765199004124581', '段麦', 'F', '635790195710089179', '432592195609186431');
insert into citizen values ('643889199801262025', '黄C', 'M', '380703197604303985', '719981197801314107');
insert into citizen values ('880364196303135691', '李B', 'F', '286501192909116387', '274441193001259747');
insert into citizen values ('151139195005023118', '冯', 'M', '250796192501315429', '858930191010061230');
insert into citizen values ('642849196612149664', '吴', 'F', '674755193012068078', '170909193807037160');
insert into citizen values ('559858194306299066', '李i', 'M', '997770191006277807', '990064190501186405');
insert into citizen values ('571072192409309668', '韩^}', 'M', '901448189407085095', '938402190202038478');
insert into citizen values ('690134193101206074', '赵鸦鹆', 'F', '430506190006071482', '701581189208041918');
insert into citizen values ('980798192308258349', '周', 'M', '377083189612241917', '248741188502156745');
insert into citizen values ('963203193212079908', '周黑', 'M', '542477189903268120', '230585191201019349');
insert into citizen values ('104575194402148776', '段Z', 'F', '880555192005164278', '498610191506257913');
insert into citizen values ('511007192911155834', '黄鸥a', 'F', '155781189108182662', '272029190809272958');
insert into citizen values ('643827201105169582', '韩', 'M', '585175198411171804', '661814198001235728');
insert into citizen values ('904117197503096677', '段鹰', 'F', '332212194407045427', '512625195501136296');
insert into citizen values ('886654198409155972', '沈r', 'F', '739917195901282853', '272105194504117715');
insert into citizen values ('506190199103116240', '吴_鹕', 'F', '736724196410208409', '108479195912107513');
insert into citizen values ('971915195708274573', '吴d', 'F', '375335192203097257', '261710192404151672');
insert into citizen values ('346133194605112902', '范_j', 'F', '216109191407207112', '851373192205112090');
insert into citizen values ('538479201102264755', '韩龃', 'F', '488303197109095539', '302871198108224401');
insert into citizen values ('725462196705261457', '冯鸯', 'M', '400685193808184995', '259809193612033167');
insert into citizen values ('911135198707262126', '陈a', 'M', '830744194912034986', '857762195511091460');
insert into citizen values ('680913194801157559', '范O', 'F', '444097191301146565', '110234192503147348');
insert into citizen values ('922178200303154941', '赵Zz', 'M', '668461197801305215', '542069198009199613');
insert into citizen values ('881764197707061336', '孙黝^', 'M', '578881194904154743', '752069195612083880');
insert into citizen values ('716921200505036275', '黄', 'F', '616078198404013208', '582585198202051620');
insert into citizen values ('262319196704293257', '陈', 'M', '569466193909216998', '524733193209223817');
insert into citizen values ('470556192604223997', '冯BG', 'M', '616976190205053640', '256231189901048937');
insert into citizen values ('413859195509246019', '冯', 'M', '450231193403135182', '886306192008096108');
insert into citizen values ('936104201011093451', '王鼻', 'F', '214424197107274545', '461339199002035918');
insert into citizen values ('885684192911298746', '杨', 'F', '756885188912234760', '725520190701299372');
insert into citizen values ('763792198311279143', '吴d', 'F', '322857196211275500', '140574196012145955');
insert into citizen values ('757900193405089439', '周鹁', 'M', '740281190911152384', '121246191312121107');
insert into citizen values ('237377194308153179', '李齑', 'F', '548153191602231092', '413577191507082286');
insert into citizen values ('186461201511159017', '黄c', 'M', '341025198402249778', '905126199204169660');
insert into citizen values ('335390197105023146', '赵鸫', 'M', '396385193804255159', '493358194908271572');
insert into citizen values ('699320199803279250', '赵', 'M', '183264197601241954', '627589197303128012');
insert into citizen values ('595099198112203711', '赵龆', 'F', '746493195003315317', '606152195101232542');
insert into citizen values ('194024198708011107', '沈', 'F', '652390195109117374', '396554195610314919');
insert into citizen values ('864206197312102259', '范麒', 'F', '282015194605159406', '792728195310096785');
insert into citizen values ('495652193711165049', '周黜\', 'F', '803656191501037618', '958547190007296675');
insert into citizen values ('843166201705201017', '冯鼷', 'M', '325476199702281782', '735698198406195294');
insert into citizen values ('652510198102236183', '杨黠', 'F', '189962194310054622', '135363194712139187');
insert into citizen values ('795891199412172304', '孙', 'F', '958242195908199591', '425367196405072082');
insert into citizen values ('729152201309227151', '段Z_', 'M', '509090197909027735', '477996198102169757');
insert into citizen values ('162867195511244746', '吴uf', 'F', '800321192102125453', '583170193203118747');
insert into citizen values ('201263199610112280', '王BT', 'M', '872260196912277663', '924020197601148714');
insert into citizen values ('822165192702203070', '杨鸺n', 'M', '643557189910225336', '281105190203121752');
insert into citizen values ('763808195406173029', '杨PH', 'F', '915016192612049128', '895932192606194749');
insert into citizen values ('421661195504266622', '赵C', 'M', '533054192702118380', '201244193201214744');
insert into citizen values ('683077195403053152', '杨B', 'M', '306800192808195663', '428760192909216340');
insert into citizen values ('840458196103021404', '孙d鸾', 'F', '187739192202058377', '408608192707213360');
insert into citizen values ('261363196605153874', '周l]', 'M', '926880193809302702', '458291192901157543');
insert into citizen values ('203598192908157915', '沈齿H', 'F', '972683190304065799', '468759189904097066');
insert into citizen values ('541288193305135897', '杨{', 'F', '899783191301226898', '642459189808229715');
insert into citizen values ('672071194908147477', '沈齑', 'F', '895886191404037874', '329758192901255494');
insert into citizen values ('114330200708261768', '李W', 'F', '999224197605022086', '544779197310102403');
insert into citizen values ('576186199110311967', '沈黻', 'F', '829513195401225521', '987209195706064887');
insert into citizen values ('521761193210126752', '王', 'M', '929125189312148782', '548372189302077526');
insert into citizen values ('191663197112274020', '孙N', 'F', '729276193307285887', '365349193205278953');
insert into citizen values ('492488200107029296', '段Q', 'M', '426430196502056014', '541848196701241267');
insert into citizen values ('761137194507207944', '冯e^', 'M', '909912192303109229', '829504191704124276');
insert into citizen values ('690966195812312325', '黄vB', 'M', '730787193612035531', '196992192603077714');
insert into citizen values ('370578198106122622', '李J', 'M', '156028195709109579', '355622194806127688');
insert into citizen values ('650690196612227267', '周Z', 'F', '407162194305025024', '826925193811221171');
insert into citizen values ('486049198211287067', '黄e', 'M', '935207194309049269', '580231195703262798');
insert into citizen values ('559031197508146534', '冯f', 'M', '460729194801048238', '176012194709308077');
insert into citizen values ('569248202108242620', '王`', 'M', '875647199302126799', '537731199802147244');
insert into citizen values ('208764197909107517', '冯P鹈', 'M', '909709195704255781', '969728195903188307');
insert into citizen values ('976549199408177098', '杨鼷', 'M', '293041196001312684', '112400195703121880');
insert into citizen values ('910357199209129616', '沈鼐', 'M', '300379197009231120', '839357197111283189');
insert into citizen values ('986155200408147521', '周[}', 'M', '373607198106061542', '335902198302134403');
insert into citizen values ('900372199507235832', '张麴', 'M', '835180196912196986', '344468196208052396');
insert into citizen values ('905657200612263234', '范鹄', 'F', '487546197903286938', '993446198611293574');
insert into citizen values ('626320192308229844', '段^', 'M', '215200190112241045', '829461190110068479');
insert into citizen values ('692273200603184872', '张Z', 'M', '493330197212168363', '171111197506039674');
insert into citizen values ('639783196204094229', '韩鹎', 'F', '896309193707068943', '870205193301039360');
insert into citizen values ('830610193512168293', '孙', 'F', '602962190109114890', '877798189905029385');
insert into citizen values ('528059199603237089', '赵~', 'F', '359147196506232720', '272668197202261796');
insert into citizen values ('997111199502166568', '孙鼹', 'M', '768545197303209323', '205569196610221986');
insert into citizen values ('251658202204102141', '李q', 'M', '787075198308024674', '383618198205067733');
insert into citizen values ('325980192711158924', '王P', 'M', '956326189906016997', '778506189708129653');
insert into citizen values ('216573199802242770', '张a', 'F', '923910196803294643', '482729196610217148');
insert into citizen values ('191896199912098949', '黄c麾', 'M', '340596197804268959', '616281197501194413');
insert into citizen values ('336125193411078520', '沈', 'M', '661290189812171977', '598408190205242121');
insert into citizen values ('234207199002027137', '杨麝W', 'F', '786712195111291506', '762795196610172386');
insert into citizen values ('224866195303311084', '孙t', 'M', '583460191808261342', '561582193208206893');
insert into citizen values ('154001195210015137', '罗鸥L', 'M', '125913192203023202', '446999192009075818');
insert into citizen values ('377690196705201361', '李u鼹', 'M', '878805194301308290', '435316193005073296');
insert into citizen values ('527398197604282056', '黄M龙', 'M', '577149194301197438', '220702194704028175');
insert into citizen values ('782633198606117546', '韩', 'F', '729713195706045109', '655357195412144090');
insert into citizen values ('653299198512038499', '陈E', 'F', '773673194908047272', '373432195702107123');
insert into citizen values ('541468200802246652', '冯黯D', 'F', '465115197712262144', '800406197604119620');
insert into citizen values ('127515196409139196', '王l黄', 'M', '151025193410118510', '934015193512278121');
insert into citizen values ('926866199211113303', '王v', 'M', '367553195811114781', '464218196012238316');
insert into citizen values ('911448196209225802', '李鹫', 'M', '893842193412168439', '991346192402137256');
insert into citizen values ('304606194803157521', '范V鹨', 'M', '623445191609204230', '115364191303319145');
insert into citizen values ('198548199702265675', '赵ax', 'F', '201735196707258299', '848449196902101314');
insert into citizen values ('975432198904239405', '李鹁', 'M', '426947196812312798', '666221195502204167');
insert into citizen values ('238314198206189184', '张c鼠', 'F', '874914194904068317', '365583195406233818');
insert into citizen values ('948761195304098333', '李鹩', 'F', '450634193112076978', '362562191908152350');
insert into citizen values ('445188193801217017', '罗龀', 'F', '907131190710165655', '844554191605026019');
insert into citizen values ('127999199602125316', '沈|O', 'F', '451107197209097874', '911220195807174901');
insert into citizen values ('513005196511272974', '孙鸠', 'M', '832147193210187616', '564703193605114196');
insert into citizen values ('156678195509019244', '陈鸬', 'F', '758215192612152474', '185757191804034279');
insert into citizen values ('881698193903258199', '吴', 'M', '191830191112295079', '607614191508242614');
insert into citizen values ('848233195601226149', '冯^', 'F', '489350192011043058', '298636191701162444');
insert into citizen values ('642422192706197373', '杨黹', 'F', '314890190506057343', '486852189811282601');
insert into citizen values ('411927196307282135', '沈l', 'M', '163359194303083088', '115397192410014383');
insert into citizen values ('960729192909014615', '张Q', 'M', '631038189312139032', '684875190211031825');
insert into citizen values ('663049197710269441', '杨黯q', 'M', '171487195406308256', '510234195108307929');
insert into citizen values ('330918196710218819', '冯|', 'M', '870648192803253804', '335060193301166801');
insert into citizen values ('621848193312049115', '韩A', 'F', '894851189806071676', '544895190305081224');
insert into citizen values ('125365200305129723', '段o黝', 'M', '621694196511201587', '403562196501274488');
insert into citizen values ('843177196407178623', '冯]', 'M', '987481192608306219', '876156192506299169');
insert into citizen values ('471862194712125078', '黄', 'M', '184357192708224609', '395381192611138034');
insert into citizen values ('354788196904252420', '陈Vy', 'F', '316880194507251545', '704806194002145923');
insert into citizen values ('844600198806271317', '冯鸢s', 'F', '694332196110192401', '916894194903149390');
insert into citizen values ('183156195001031110', '韩黩鼓', 'F', '943167192003256021', '479442191503017630');
insert into citizen values ('628475195503168607', '黄龙', 'F', '287632192202074155', '685002192405315738');
insert into citizen values ('380738194610142532', '段鸺', 'M', '904297190702079766', '903614191707019078');
insert into citizen values ('720824196702175537', '罗u', 'F', '444006194005279596', '565124193109306222');
insert into citizen values ('446148197108104256', '吴{鼎', 'M', '573215194112132374', '661066193201061569');
insert into citizen values ('986055195806024454', '黄黛', 'F', '906260193607043373', '892073192510139494');
insert into citizen values ('140201201608296968', '陈', 'M', '120626198210231400', '835120198501248508');
insert into citizen values ('432649198612018589', '赵鸯', 'F', '838345195501072369', '496188195505298815');
insert into citizen values ('403269202004017143', '周鼎', 'M', '692786199202011744', '449548199301021850');
insert into citizen values ('331984192502023279', '陈鹾', 'M', '214852188601044012', '740972189412211967');
insert into citizen values ('582901193501086976', '周龀', 'F', '876819191402178483', '432428190309112980');
insert into citizen values ('130439195004299792', '冯Or', 'M', '851605192309052466', '303891191012026551');
insert into citizen values ('177796192908197165', '陈鹌s', 'F', '674971189912206567', '871377190604032308');
insert into citizen values ('627636193511129583', '李{', 'F', '403909190906217074', '111097191209063562');
insert into citizen values ('857065197102051032', '罗鹘r', 'M', '818287194012259498', '390179193307093839');
insert into citizen values ('291376194905039707', '罗f', 'M', '621604191007289522', '662781191710292656');
insert into citizen values ('803977199005148744', '周', 'M', '689057195408178699', '664140195202163137');
insert into citizen values ('482789199909295938', '段黧', 'M', '247595197609114384', '441025196205245587');
insert into citizen values ('222849197409105895', '冯麇~', 'F', '595611194211021031', '998268193608272301');
insert into citizen values ('862803195102168696', '杨^齐', 'F', '824952191310248473', '649531191508198723');
insert into citizen values ('220941201805207065', '吴', 'F', '192556199308306500', '512486198205315552');
insert into citizen values ('687103197704222177', '孙p', 'F', '545736194107155124', '334037194306235419');
insert into citizen values ('669465195107032370', '段_', 'M', '398179191609138302', '525693192012206270');
insert into citizen values ('597983194405268074', '李f', 'M', '938622191005277561', '892031192002067436');
insert into citizen values ('551234193201057619', '杨^', 'M', '593272189506131403', '608599190902111217');
insert into citizen values ('637488197504072120', '周', 'M', '769158195311259202', '841933194505311255');
insert into citizen values ('569838202104261377', '张麝X', 'F', '356298199410269301', '703102199507252819');
insert into citizen values ('253812200708185211', '冯V', 'F', '349794198702191507', '249951198207317123');
insert into citizen values ('641301193408097238', '李|', 'M', '131336190911015197', '693120189905319296');
insert into citizen values ('176501199107085109', '王V', 'M', '269743197012299628', '532690196111157424');
insert into citizen values ('652597193509281923', '段龊K', 'M', '379010190108032098', '650105191304296372');
insert into citizen values ('274861192401152502', '陈鹜', 'F', '567299188901211163', '458464189503179468');
insert into citizen values ('191099196702098526', '范鹱', 'M', '591675193304234875', '775595194207265212');
insert into citizen values ('394759196010287368', '罗U', 'F', '109711193812312679', '719797192604198624');
insert into citizen values ('277540198205224719', '陈b', 'F', '962206195309276314', '371770194207043128');
insert into citizen values ('351114201502039410', '王龙i', 'M', '907253197601187861', '785319198112134049');
insert into citizen values ('264463201901311104', '冯B', 'F', '161985199805053095', '491091199601238631');
insert into citizen values ('403751195212079425', '沈鹨鸢', 'F', '292032192509019493', '208222192109148090');
insert into citizen values ('408118195208124373', '范l', 'M', '525947192912014818', '285214193011134059');
insert into citizen values ('431471201401041943', '吴V', 'F', '740681198408218881', '329698199202277947');
insert into citizen values ('128936200112314920', '陈f\', 'M', '533977196804121583', '835892197906161060');
insert into citizen values ('983048192910298245', '罗xo', 'M', '216243189807288699', '615302190703259620');
insert into citizen values ('328572196301236265', '陈黻e', 'M', '371443193606052167', '543186193008229478');
insert into citizen values ('196360197207118650', '罗', 'F', '522394195007046114', '758972194911133485');
insert into citizen values ('677065199611213027', '罗龇', 'M', '811658197603053361', '482355197304297498');
insert into citizen values ('825833201106277313', '王T', 'M', '306879198412204402', '974185197803113715');
insert into citizen values ('308859193801316727', '杨鹩', 'F', '555481191606255961', '949946190601063617');
insert into citizen values ('586644202210044534', '吴{h', 'M', '820334200209138430', '989842198601102255');
insert into citizen values ('462234201505036826', '周齐R', 'F', '759997198706134819', '357781198901219437');
insert into citizen values ('174863198111226103', '周c鸯', 'F', '627804195012306542', '287010194312204754');
insert into citizen values ('178915198304286497', '冯鹬鼎', 'F', '307242195201229995', '407851196009161470');
insert into citizen values ('685621194407311366', '陈龇齄', 'M', '497440192108304336', '797449192105256894');
insert into citizen values ('941313200707054169', '韩鹗O', 'F', '570804197307022255', '825775197908122641');
insert into citizen values ('400143200307203685', '赵', 'M', '826176196803251241', '709570196705258692');
insert into citizen values ('934895193511045206', '吴鸟', 'F', '873866191208022449', '884737190807225962');
insert into citizen values ('599568196804089074', '周黹m', 'F', '876624194310222195', '499891194303172794');
insert into citizen values ('770602194709013260', '冯', 'M', '614485191812173555', '598918191706156134');
insert into citizen values ('914486198302037775', '张z', 'M', '187605195111097610', '145354194511084738');
insert into citizen values ('169483200108199516', '罗@', 'F', '907241198104035224', '452448196802108672');
insert into citizen values ('535677200911078003', '范麈鸳', 'F', '588855198201247565', '399570198204172045');
insert into citizen values ('135894192804223589', '黄龄鹅', 'M', '538272189803042298', '480715190209266735');
insert into citizen values ('629620200509064434', '王黔', 'F', '841901198410306991', '817668198112174900');
insert into citizen values ('113917199108013750', '杨鹏', 'F', '719706196602212262', '610844195904247826');
insert into citizen values ('389267198708057973', '段', 'F', '479162196401319556', '851430196007159936');
insert into citizen values ('559935195104259144', '王', 'F', '483538191305164559', '543005192307091893');
insert into citizen values ('626645201607261263', '陈', 'M', '533065198902174900', '782721199501287585');
insert into citizen values ('311161200611159564', '沈^', 'F', '723143197311178312', '414387196805101439');
insert into citizen values ('264566196510215478', '冯r', 'M', '345575194412309885', '691690194011046906');
insert into citizen values ('873669202101063291', '孙]', 'F', '600252198311224537', '388703199111071206');
insert into citizen values ('672675193304162723', '段龈', 'M', '701510191105286479', '521415191006063802');
insert into citizen values ('948516200003025512', '杨O', 'M', '814608196105135484', '305296197001093281');
insert into citizen values ('165218195405141673', '赵', 'F', '679260192804144427', '306120192808084132');
insert into citizen values ('614012195104092955', '李e', 'F', '855666192806275698', '910866191706202562');
insert into citizen values ('882386197309079360', '孙Q', 'M', '514532194702012516', '552338194406234541');
insert into citizen values ('690988195504132564', '范}', 'M', '506839192511196273', '962852193212019484');
insert into citizen values ('312382200909149098', '杨C', 'F', '842884197709031190', '597473197608023989');
insert into citizen values ('846127199408307453', '黄H', 'F', '509590197106176422', '159435196611224855');
insert into citizen values ('371436193010194643', '冯', 'F', '876492190012182689', '761927189504142992');
insert into citizen values ('200346200508034662', '赵e', 'M', '112507197804188627', '623090197810148365');
insert into citizen values ('556935197401089045', '范黥', 'M', '859939193410225439', '834242194602161198');
insert into citizen values ('756690201601291995', '李l鹦', 'F', '252695198007242583', '791679199112236789');
insert into citizen values ('369643197008084461', '罗YP', 'F', '253568193708175266', '328017194904193286');
insert into citizen values ('911827201509104078', '王鹁', 'M', '970285197712065782', '608048199412307294');
insert into citizen values ('125297198508135216', '罗', 'F', '187247194903302936', '256190195510079905');
insert into citizen values ('581610196901034455', '孙鸪', 'M', '389490193503112981', '109669194101154949');
insert into citizen values ('239619199002064985', '段', 'M', '789400196006284539', '445339196808058248');
insert into citizen values ('941479197312017461', '冯', 'F', '313375195201267736', '121580194303292520');
insert into citizen values ('879154195710292826', '王t', 'M', '973089192104276988', '544581191907174030');
insert into citizen values ('256018195304296521', '罗鸳', 'M', '654315191808061883', '154190191902154124');
insert into citizen values ('493931200804199014', '吴I', 'F', '468264197611135098', '437491197506133757');
insert into citizen values ('170717192705131904', '冯Z', 'F', '730662190201156651', '886993190307045298');
insert into citizen values ('754021194811043604', '段x', 'M', '386715190907028122', '275807192706123913');
insert into citizen values ('449253192903132915', '黄鹞', 'F', '906445190811176551', '682597190311047560');
insert into citizen values ('875826197803116214', '李', 'M', '557636195111301866', '155828194701281549');
insert into citizen values ('246842192407048863', '李c', 'M', '297107188910254135', '116700189308266182');
insert into citizen values ('325968192711047622', '段m', 'F', '514613189406069570', '462346189011083208');
insert into citizen values ('977665192804029257', '沈|', 'F', '427482189007117752', '298415190005197560');
insert into citizen values ('541580193605243308', '吴M', 'F', '290927190907037500', '254500190707104628');
insert into citizen values ('879403199411234258', '冯麝F', 'M', '456936197402281373', '647919196207067813');
insert into citizen values ('413392201810119183', '周鹂', 'M', '610209198509168979', '232679199105124454');
insert into citizen values ('794487199311133777', '吴鸷', 'M', '643711196405093520', '895012196405238745');
insert into citizen values ('177250197204013269', '孙鹦', 'M', '599000193911018375', '390240193504285067');
insert into citizen values ('744054195609086137', '罗龆u', 'M', '444975192309144277', '614948192412257437');
insert into citizen values ('914317198501313818', '赵', 'M', '356886196008278323', '267795196008146907');
insert into citizen values ('243394198206092519', '冯鸺i', 'M', '352170196005239201', '114914195808059397');
insert into citizen values ('648051197605154011', '沈齐', 'F', '124030194512113278', '629935195103013531');
insert into citizen values ('141592194008065688', '范鼎', 'M', '450510190010188056', '446623191409291255');
insert into citizen values ('744434196402057810', '李', 'F', '546945194307169419', '364389193106239020');
insert into citizen values ('851830197908077852', '张\', 'F', '644174195401118815', '164994195307088587');
insert into citizen values ('746733193001112430', '沈龚', 'M', '700118189510251650', '649239190703269860');
insert into citizen values ('491225200811054183', '王k', 'F', '318535198606305602', '626686198505188876');
insert into citizen values ('964373193505099118', '韩z鹩', 'M', '382586190912056942', '923233191108111223');
insert into citizen values ('110143195901205711', '李鼙r', 'F', '892261193706078275', '997809193501067981');
insert into citizen values ('388088197308204584', '张鹃m', 'M', '404785194910278609', '365908194411049802');
insert into citizen values ('267916196504173283', '范g', 'M', '663755193212177209', '882401194001313717');
insert into citizen values ('676959194402072375', '沈u鹜', 'M', '351823192311155583', '374280190505258164');
insert into citizen values ('897615199808073780', '孙a', 'F', '694230197501032045', '814301197505184825');
insert into citizen values ('950324193805191322', '张G', 'F', '711998191705209680', '913567191402158123');
insert into citizen values ('190803193211119003', '孙q', 'M', '476174189404053049', '247037189909238039');
insert into citizen values ('645416201012139453', '周\', 'M', '822615198410116212', '317199198301175589');
insert into citizen values ('625150195603203101', '杨O', 'M', '103411193012308593', '226975192405027027');
insert into citizen values ('929363200309256423', '陈O`', 'M', '291735196404257465', '376785197407303300');
insert into citizen values ('747832195705272219', '黄m', 'M', '923123192612084433', '448294192101165556');
insert into citizen values ('313911195411197498', '黄M', 'M', '712566192203239181', '293618192404032713');
insert into citizen values ('334770193503088143', '王鼻', 'F', '184917191201233653', '984084190411217308');
insert into citizen values ('597502196110172598', '陈g', 'M', '178288192912029197', '406720192312031818');
insert into citizen values ('303653201809021427', '沈黯k', 'F', '723654199007271776', '238392199805257312');
insert into citizen values ('429791199311078108', '张bS', 'M', '373332195508178323', '710420195404118115');
insert into citizen values ('891810193508207716', '吴鼓D', 'M', '956626190608234962', '886795190208211614');
insert into citizen values ('902077197301039189', '孙e', 'M', '847436194106126075', '719969194902186918');
insert into citizen values ('356932200412113835', '王', 'M', '762971196606014699', '609644197909231606');
insert into citizen values ('688107196908316951', '陈黉h', 'M', '712132194204188102', '520935193106237623');


insert into related  values ('H2128591', '656287195610147585', '受害人')
insert into related  values ('H2128591', '573661200304055753', '嫌疑人')
insert into related  values ('H2128591', '810189196805037005', '犯人')
insert into related  values ('H2128591', '106948196408063422', '证人')
insert into related  values ('T8358305', '134102197311199296', '受害人')
insert into related  values ('T8358305', '406120200704095167', '嫌疑人')
insert into related  values ('C6731043', '237919194506207245', '受害人')
insert into related  values ('C6731043', '522560192803206835', '嫌疑人')
insert into related  values ('C6731043', '700198196610289724', '证人')
insert into related  values ('C0673307', '634952198607039164', '受害人')
insert into related  values ('C0673307', '411968199001143073', '嫌疑人')
insert into related  values ('C0673307', '159821202304203764', '犯人')
insert into related  values ('R2737382', '597917200606155027', '受害人')
insert into related  values ('R2737382', '892527200411136728', '嫌疑人')
insert into related  values ('R2737382', '518797198207053691', '犯人')
insert into related  values ('C3208533', '960315198105136771', '受害人')
insert into related  values ('C3208533', '477214195912192228', '嫌疑人')
insert into related  values ('C3208533', '740918196207284737', '证人')
insert into related  values ('R7336300', '784018194611283520', '受害人')
insert into related  values ('R7336300', '105871194109072435', '嫌疑人')
insert into related  values ('A6530912', '149819194701284388', '受害人')
insert into related  values ('A6530912', '381368195609242318', '嫌疑人')
insert into related  values ('A6530912', '201783196203221493', '犯人')
insert into related  values ('A6530912', '880762200011298802', '证人')
insert into related  values ('A2967783', '975103200904259500', '受害人')
insert into related  values ('A2967783', '738403198011223480', '嫌疑人')
insert into related  values ('A2967783', '896816194801149408', '犯人')
insert into related  values ('A2967783', '888408193406248135', '证人')
insert into related  values ('C9050279', '666221192807206845', '受害人')
insert into related  values ('C9050279', '874698195511106339', '嫌疑人')
insert into related  values ('C9050279', '287428197809126975', '犯人')
insert into related  values ('C9050279', '698405202009214821', '证人')
insert into related  values ('H1332652', '144850196112166815', '受害人')
insert into related  values ('H1332652', '209253196611187432', '嫌疑人')
insert into related  values ('H1332652', '329906200606039109', '犯人')
insert into related  values ('C7361489', '817581201504208601', '受害人')
insert into related  values ('C7361489', '510244195906294116', '嫌疑人')
insert into related  values ('C7361489', '436067199802189954', '犯人')
insert into related  values ('C7361489', '988294201111029391', '证人')
insert into related  values ('A9966621', '335553195301176772', '受害人')
insert into related  values ('A9966621', '590043194010281323', '嫌疑人')
insert into related  values ('C9299478', '156360196907078451', '受害人')
insert into related  values ('C9299478', '970958195205089508', '嫌疑人')
insert into related  values ('C7603195', '448324197805306031', '受害人')
insert into related  values ('C7603195', '586908198003127958', '嫌疑人')
insert into related  values ('C7603195', '818617194303142737', '犯人')
insert into related  values ('C2020202', '649796199502031393', '受害人')
insert into related  values ('C2020202', '554404201204243522', '嫌疑人')
insert into related  values ('C2020202', '942833196802183742', '犯人')
insert into related  values ('C2020202', '601573200605214065', '证人')
insert into related  values ('M3824482', '724935192609082468', '受害人')
insert into related  values ('M3824482', '928882198806068962', '嫌疑人')
insert into related  values ('M3824482', '245841199409203563', '犯人')
insert into related  values ('R5612586', '720585200511167879', '受害人')
insert into related  values ('R5612586', '289229194909071615', '嫌疑人')
insert into related  values ('R5612586', '979273201712038845', '犯人')
insert into related  values ('A3608177', '704495196001258266', '受害人')
insert into related  values ('A3608177', '554501196810054360', '嫌疑人')
insert into related  values ('A3608177', '505584192605052714', '犯人')
insert into related  values ('C9858466', '351196195707133188', '受害人')
insert into related  values ('C9858466', '482376193310252503', '嫌疑人')
insert into related  values ('A9422884', '752259198610217021', '受害人')
insert into related  values ('A9422884', '989397192711111686', '嫌疑人')
insert into related  values ('T1606425', '639741201312205194', '受害人')
insert into related  values ('T1606425', '186630194108185990', '嫌疑人')
insert into related  values ('T1606425', '564871192604116454', '证人')
insert into related  values ('R4177324', '468346196001064841', '受害人')
insert into related  values ('R4177324', '731855200301245508', '嫌疑人')
insert into related  values ('R4177324', '537781192501231204', '犯人')
insert into related  values ('R4177324', '487950196010023466', '证人')
insert into related  values ('H5605121', '445715193710211623', '受害人')
insert into related  values ('H5605121', '655620199405083945', '嫌疑人')
insert into related  values ('H5605121', '538283201308108680', '犯人')
insert into related  values ('T5574680', '154515197712242639', '受害人')
insert into related  values ('T5574680', '600699196708122065', '嫌疑人')
insert into related  values ('T5574680', '469984192502016621', '犯人')
insert into related  values ('M6026492', '396206197508195403', '受害人')
insert into related  values ('M6026492', '684918199407088847', '嫌疑人')
insert into related  values ('M6026492', '406201193809307649', '证人')
insert into related  values ('H9420379', '837127193411184431', '受害人')
insert into related  values ('H9420379', '173064195208188247', '嫌疑人')
insert into related  values ('H9420379', '584985193804098397', '犯人')
insert into related  values ('A4201106', '228529195909102193', '受害人')
insert into related  values ('A4201106', '911185194009085172', '嫌疑人')
insert into related  values ('A4201106', '232004202204035757', '犯人')
insert into related  values ('A4201106', '669338193309213862', '证人')
insert into related  values ('M6530633', '603589201905228424', '受害人')
insert into related  values ('M6530633', '825269194403147276', '嫌疑人')
insert into related  values ('M6530633', '463687196711285742', '证人')
insert into related  values ('R7438302', '948000198304287411', '受害人')
insert into related  values ('R7438302', '796967195411248456', '嫌疑人')
insert into related  values ('R7438302', '679879193501246808', '犯人')
insert into related  values ('R7438302', '164766196310318402', '证人')
insert into related  values ('A4833439', '657857201711169250', '受害人')
insert into related  values ('A4833439', '525672193904019440', '嫌疑人')
insert into related  values ('A4833439', '778354199106074263', '犯人')
insert into related  values ('A4833439', '582280193904157730', '证人')
insert into related  values ('M4158674', '123574199905032444', '受害人')
insert into related  values ('M4158674', '773754194705146129', '嫌疑人')
insert into related  values ('M4158674', '813026199711085167', '证人')
insert into related  values ('T3109993', '420030198601252820', '受害人')
insert into related  values ('T3109993', '570864202205314953', '嫌疑人')
insert into related  values ('T1943534', '263511193205279579', '受害人')
insert into related  values ('T1943534', '435004200812063291', '嫌疑人')
insert into related  values ('A3481823', '792137196007049706', '受害人')
insert into related  values ('A3481823', '473650195209134000', '嫌疑人')
insert into related  values ('T7826188', '307034199206087971', '受害人')
insert into related  values ('T7826188', '133168198508153754', '嫌疑人')
insert into related  values ('T7826188', '501196197202056103', '犯人')
insert into related  values ('C9678763', '104311200907201138', '受害人')
insert into related  values ('C9678763', '356817192802198401', '嫌疑人')
insert into related  values ('C9678763', '426407201902221657', '证人')
insert into related  values ('M1770937', '121198197802187546', '受害人')
insert into related  values ('M1770937', '111852195812275276', '嫌疑人')
insert into related  values ('M1770937', '650830194506156241', '犯人')
insert into related  values ('H0176717', '643889199801262025', '受害人')
insert into related  values ('H0176717', '880364196303135691', '嫌疑人')
insert into related  values ('C8522036', '559858194306299066', '受害人')
insert into related  values ('C8522036', '571072192409309668', '嫌疑人')
insert into related  values ('C8522036', '690134193101206074', '犯人')
insert into related  values ('C8522036', '980798192308258349', '证人')
insert into related  values ('A9574374', '963203193212079908', '受害人')
insert into related  values ('A9574374', '104575194402148776', '嫌疑人')
insert into related  values ('A9574374', '511007192911155834', '犯人')
insert into related  values ('R4370656', '904117197503096677', '受害人')
insert into related  values ('R4370656', '886654198409155972', '嫌疑人')
insert into related  values ('R8412960', '346133194605112902', '受害人')
insert into related  values ('R8412960', '538479201102264755', '嫌疑人')
insert into related  values ('R5110843', '680913194801157559', '受害人')
insert into related  values ('R5110843', '922178200303154941', '嫌疑人')
insert into related  values ('M9968384', '262319196704293257', '受害人')
insert into related  values ('M9968384', '470556192604223997', '嫌疑人')
insert into related  values ('M9968384', '936104201011093451', '证人')
insert into related  values ('C4635890', '885684192911298746', '受害人')
insert into related  values ('C4635890', '763792198311279143', '嫌疑人')
insert into related  values ('C4635890', '757900193405089439', '犯人')
insert into related  values ('C4635890', '237377194308153179', '证人')
insert into related  values ('C5003070', '186461201511159017', '受害人')
insert into related  values ('C5003070', '335390197105023146', '嫌疑人')
insert into related  values ('C5003070', '595099198112203711', '证人')
insert into related  values ('H6064093', '194024198708011107', '受害人')
insert into related  values ('H6064093', '864206197312102259', '嫌疑人')
insert into related  values ('H6064093', '495652193711165049', '犯人')
insert into related  values ('H6064093', '843166201705201017', '证人')
insert into related  values ('C8977950', '652510198102236183', '受害人')
insert into related  values ('C8977950', '795891199412172304', '嫌疑人')
insert into related  values ('M0833296', '201263199610112280', '受害人')
insert into related  values ('M0833296', '822165192702203070', '嫌疑人')
insert into related  values ('M0833296', '421661195504266622', '证人')
insert into related  values ('H4857076', '683077195403053152', '受害人')
insert into related  values ('H4857076', '840458196103021404', '嫌疑人')
insert into related  values ('H4857076', '203598192908157915', '证人')
insert into related  values ('R4880176', '541288193305135897', '受害人')
insert into related  values ('R4880176', '672071194908147477', '嫌疑人')
insert into related  values ('R4880176', '114330200708261768', '犯人')
insert into related  values ('R4880176', '576186199110311967', '证人')
insert into related  values ('T0754366', '521761193210126752', '受害人')
insert into related  values ('T0754366', '191663197112274020', '嫌疑人')
insert into related  values ('M8818054', '690966195812312325', '受害人')
insert into related  values ('M8818054', '370578198106122622', '嫌疑人')
insert into related  values ('M8818054', '486049198211287067', '证人')
insert into related  values ('A1457509', '559031197508146534', '受害人')
insert into related  values ('A1457509', '569248202108242620', '嫌疑人')
insert into related  values ('A1457509', '208764197909107517', '犯人')
insert into related  values ('A1457509', '976549199408177098', '证人')
insert into related  values ('C7322190', '910357199209129616', '受害人')
insert into related  values ('C7322190', '986155200408147521', '嫌疑人')
insert into related  values ('C7322190', '900372199507235832', '犯人')
insert into related  values ('C7322190', '905657200612263234', '证人')
insert into related  values ('M8938704', '626320192308229844', '受害人')
insert into related  values ('M8938704', '692273200603184872', '嫌疑人')
insert into related  values ('M8938704', '639783196204094229', '犯人')
insert into related  values ('M8059689', '528059199603237089', '受害人')
insert into related  values ('M8059689', '997111199502166568', '嫌疑人')
insert into related  values ('M8059689', '251658202204102141', '犯人')
insert into related  values ('M8059689', '325980192711158924', '证人')
insert into related  values ('A8959888', '216573199802242770', '受害人')
insert into related  values ('A8959888', '191896199912098949', '嫌疑人')
insert into related  values ('C1930043', '224866195303311084', '受害人')
insert into related  values ('C1930043', '154001195210015137', '嫌疑人')
insert into related  values ('C1930043', '377690196705201361', '犯人')
insert into related  values ('C1930043', '527398197604282056', '证人')
insert into related  values ('A3006799', '782633198606117546', '受害人')
insert into related  values ('A3006799', '653299198512038499', '嫌疑人')
insert into related  values ('R2207716', '926866199211113303', '受害人')
insert into related  values ('R2207716', '911448196209225802', '嫌疑人')
insert into related  values ('R2207716', '304606194803157521', '犯人')
insert into related  values ('R2207716', '198548199702265675', '证人')
insert into related  values ('R7882577', '975432198904239405', '受害人')
insert into related  values ('R7882577', '238314198206189184', '嫌疑人')
insert into related  values ('C5953897', '127999199602125316', '受害人')
insert into related  values ('C5953897', '513005196511272974', '嫌疑人')
insert into related  values ('C5953897', '156678195509019244', '犯人')
insert into related  values ('C5300736', '848233195601226149', '受害人')
insert into related  values ('C5300736', '642422192706197373', '嫌疑人')
insert into related  values ('C5300736', '411927196307282135', '犯人')
insert into related  values ('C5300736', '960729192909014615', '证人')
insert into related  values ('H5313265', '663049197710269441', '受害人')
insert into related  values ('H5313265', '330918196710218819', '嫌疑人')
insert into related  values ('H5313265', '125365200305129723', '证人')
insert into related  values ('A5619776', '843177196407178623', '受害人')
insert into related  values ('A5619776', '471862194712125078', '嫌疑人')
insert into related  values ('A5619776', '354788196904252420', '犯人')
insert into related  values ('A5619776', '844600198806271317', '证人')
insert into related  values ('T4984695', '183156195001031110', '受害人')
insert into related  values ('T4984695', '628475195503168607', '嫌疑人')
insert into related  values ('T4984695', '380738194610142532', '犯人')
insert into related  values ('T4984695', '720824196702175537', '证人')
insert into related  values ('H9136237', '446148197108104256', '受害人')
insert into related  values ('H9136237', '986055195806024454', '嫌疑人')
insert into related  values ('H9136237', '140201201608296968', '犯人')
insert into related  values ('H9136237', '432649198612018589', '证人')
insert into related  values ('T0781843', '403269202004017143', '受害人')
insert into related  values ('T0781843', '331984192502023279', '嫌疑人')
insert into related  values ('T0781843', '582901193501086976', '犯人')
insert into related  values ('A4621121', '177796192908197165', '受害人')
insert into related  values ('A4621121', '627636193511129583', '嫌疑人')
insert into related  values ('A4621121', '857065197102051032', '犯人')
insert into related  values ('R6676714', '803977199005148744', '受害人')
insert into related  values ('R6676714', '482789199909295938', '嫌疑人')
insert into related  values ('R6676714', '222849197409105895', '犯人')
insert into related  values ('R6676714', '862803195102168696', '证人')
insert into related  values ('A3323690', '220941201805207065', '受害人')
insert into related  values ('A3323690', '687103197704222177', '嫌疑人')
insert into related  values ('A3323690', '597983194405268074', '证人')
insert into related  values ('R5568249', '551234193201057619', '受害人')
insert into related  values ('R5568249', '637488197504072120', '嫌疑人')
insert into related  values ('R5568249', '253812200708185211', '证人')
insert into related  values ('M4258029', '641301193408097238', '受害人')
insert into related  values ('M4258029', '176501199107085109', '嫌疑人')
insert into related  values ('A5751046', '191099196702098526', '受害人')
insert into related  values ('A5751046', '394759196010287368', '嫌疑人')
insert into related  values ('A5751046', '351114201502039410', '证人')
insert into related  values ('A2783782', '264463201901311104', '受害人')
insert into related  values ('A2783782', '403751195212079425', '嫌疑人')
insert into related  values ('A2783782', '408118195208124373', '犯人')
insert into related  values ('C4645352', '128936200112314920', '受害人')
insert into related  values ('C4645352', '983048192910298245', '嫌疑人')
insert into related  values ('C4645352', '196360197207118650', '证人')
insert into related  values ('C4929200', '677065199611213027', '受害人')
insert into related  values ('C4929200', '825833201106277313', '嫌疑人')
insert into related  values ('C4929200', '308859193801316727', '犯人')
insert into related  values ('C4929200', '586644202210044534', '证人')
insert into related  values ('C2032435', '462234201505036826', '受害人')
insert into related  values ('C2032435', '174863198111226103', '嫌疑人')
insert into related  values ('C2032435', '178915198304286497', '犯人')
insert into related  values ('R8234487', '941313200707054169', '受害人')
insert into related  values ('R8234487', '400143200307203685', '嫌疑人')
insert into related  values ('R8234487', '934895193511045206', '犯人')
insert into related  values ('R8234487', '599568196804089074', '证人')
insert into related  values ('C7327500', '770602194709013260', '受害人')
insert into related  values ('C7327500', '914486198302037775', '嫌疑人')
insert into related  values ('C7327500', '169483200108199516', '犯人')
insert into related  values ('C7327500', '535677200911078003', '证人')
insert into related  values ('A5783387', '135894192804223589', '受害人')
insert into related  values ('A5783387', '629620200509064434', '嫌疑人')
insert into related  values ('A5783387', '113917199108013750', '犯人')
insert into related  values ('A5783387', '389267198708057973', '证人')
insert into related  values ('M0541895', '559935195104259144', '受害人')
insert into related  values ('M0541895', '626645201607261263', '嫌疑人')
insert into related  values ('M0541895', '311161200611159564', '犯人')
insert into related  values ('A9048120', '873669202101063291', '受害人')
insert into related  values ('A9048120', '672675193304162723', '嫌疑人')
insert into related  values ('A6960223', '614012195104092955', '受害人')
insert into related  values ('A6960223', '882386197309079360', '嫌疑人')
insert into related  values ('A6960223', '690988195504132564', '犯人')
insert into related  values ('H1243384', '846127199408307453', '受害人')
insert into related  values ('H1243384', '371436193010194643', '嫌疑人')
insert into related  values ('H1243384', '556935197401089045', '证人')
insert into related  values ('C9133349', '756690201601291995', '受害人')
insert into related  values ('C9133349', '369643197008084461', '嫌疑人')
insert into related  values ('C3163900', '581610196901034455', '受害人')
insert into related  values ('C3163900', '239619199002064985', '嫌疑人')
insert into related  values ('C3163900', '941479197312017461', '犯人')
insert into related  values ('C3163900', '879154195710292826', '证人')
insert into related  values ('H4925894', '256018195304296521', '受害人')
insert into related  values ('H4925894', '493931200804199014', '嫌疑人')
insert into related  values ('H4925894', '754021194811043604', '证人')
insert into related  values ('R2874839', '449253192903132915', '受害人')
insert into related  values ('R2874839', '875826197803116214', '嫌疑人')
insert into related  values ('R2874839', '246842192407048863', '犯人')
insert into related  values ('R2874839', '325968192711047622', '证人')
insert into related  values ('C1318121', '977665192804029257', '受害人')
insert into related  values ('C1318121', '541580193605243308', '嫌疑人')
insert into related  values ('R0045191', '794487199311133777', '受害人')
insert into related  values ('R0045191', '177250197204013269', '嫌疑人')
insert into related  values ('R0045191', '744054195609086137', '犯人')
insert into related  values ('T3095546', '243394198206092519', '受害人')
insert into related  values ('T3095546', '648051197605154011', '嫌疑人')
insert into related  values ('T3095546', '744434196402057810', '证人')
insert into related  values ('C3000178', '851830197908077852', '受害人')
insert into related  values ('C3000178', '746733193001112430', '嫌疑人')
insert into related  values ('C3000178', '491225200811054183', '犯人')
insert into related  values ('T6919087', '110143195901205711', '受害人')
insert into related  values ('T6919087', '388088197308204584', '嫌疑人')
insert into related  values ('T3124570', '897615199808073780', '受害人')
insert into related  values ('T3124570', '950324193805191322', '嫌疑人')
insert into related  values ('T8238499', '625150195603203101', '受害人')
insert into related  values ('T8238499', '929363200309256423', '嫌疑人')
insert into related  values ('T8238499', '747832195705272219', '犯人')
insert into related  values ('R1347245', '334770193503088143', '受害人')
insert into related  values ('R1347245', '597502196110172598', '嫌疑人')
insert into related  values ('R1347245', '303653201809021427', '犯人')
insert into related  values ('M9745383', '891810193508207716', '受害人')
insert into related  values ('M9745383', '902077197301039189', '嫌疑人')
insert into related  values ('M9745383', '688107196908316951', '证人')

insert into call  values (5238464, '2023-05-29 06:34:46', 13203423194, A9422884, 2426478);
insert into call  values (3497721, '2022-08-10 00:29:47', 18149680846, A9422884, 3889043);
insert into call  values (1465836, '2022-09-24 22:17:03', 13118515933, T1606425, 9836582);
insert into call  values (2213920, '2023-03-01 16:34:26', 13446939264, T1606425, 1691715);
insert into call  values (4279595, '2023-03-02 15:01:36', 18616639607, R4177324, 0975704);
insert into call  values (7042127, '2023-06-28 22:46:19', 18151936005, R4177324, 0715805);
insert into call  values (9197823, '2022-11-03 04:56:27', 13479130524, H5605121, 4264114);
insert into call  values (2917944, '2023-05-26 11:44:40', 17384781059, H5605121, 8837988);
insert into call  values (9095594, '2023-01-28 01:25:51', 17998793070, T5574680, 6827713);
insert into call  values (6902066, '2022-07-18 06:23:07', 13807437223, T5574680, 4348435);
insert into call  values (6809601, '2023-04-27 12:24:59', 15406948757, M6026492, 9234086);
insert into call  values (1490883, '2022-09-13 10:53:36', 18574514308, M6026492, 8268264);
insert into call  values (5308917, '2023-06-05 20:29:27', 15820401037, H9420379, 9173384);
insert into call  values (2881133, '2023-04-08 07:51:57', 17140927723, H9420379, 7150329);
insert into call  values (5757604, '2022-12-15 20:35:20', 17573850926, A4201106, 5218977);
insert into call  values (3423290, '2022-11-17 05:44:33', 17114435516, A4201106, 7614546);
insert into call  values (9147297, '2023-03-24 11:54:52', 15433465869, M6530633, 4789420);
insert into call  values (5850792, '2023-04-30 06:19:06', 18317394092, M6530633, 4693712);
insert into call  values (2955244, '2023-04-21 05:42:08', 15935222973, R7438302, 8734165);
insert into call  values (6269527, '2023-06-28 08:38:31', 13627027039, R7438302, 0664786);
insert into call  values (4055817, '2023-01-06 03:00:13', 18707105051, A4833439, 9884669);
insert into call  values (2777213, '2023-03-19 00:16:53', 13357817395, A4833439, 7104084);
insert into call  values (5702143, '2023-06-13 18:22:04', 18790135354, M4158674, 3242355);
insert into call  values (9792997, '2022-11-26 11:09:00', 18428202289, M4158674, 2402834);
insert into call  values (3990103, '2023-02-18 08:46:46', 17813382582, T3109993, 5639807);
insert into call  values (5070619, '2022-09-10 20:03:20', 13596095232, T3109993, 8167027);
insert into call  values (2398980, '2022-09-26 01:54:38', 15900879631, T1943534, 7233141);
insert into call  values (7020606, '2023-03-30 03:17:18', 18969762756, T1943534, 4712543);
insert into call  values (9033822, '2022-10-09 15:27:22', 18922624990, A3481823, 7003217);
insert into call  values (5445421, '2023-04-09 00:19:30', 15518327257, A3481823, 1313149);
insert into call  values (7706177, '2022-12-29 21:00:28', 15155364475, T7826188, 2085174);
insert into call  values (8178810, '2023-03-08 17:36:04', 13914902883, T7826188, 8712011);
insert into call  values (5757036, '2023-07-03 20:08:17', 15732782181, C9678763, 6916120);
insert into call  values (6697251, '2022-11-14 23:17:06', 18432132761, C9678763, 9231816);
insert into call  values (1635648, '2022-12-31 23:22:24', 17188280636, M1770937, 0956317);
insert into call  values (9919328, '2023-02-13 11:05:14', 18138023649, M1770937, 8988132);
insert into call  values (6467613, '2022-08-19 12:10:19', 17583757694, H0176717, 5480803);
insert into call  values (5611521, '2023-03-11 03:30:49', 13119696764, H0176717, 1301569);
insert into call  values (4740042, '2022-12-01 05:27:35', 17339209352, C8522036, 0763368);
insert into call  values (1429097, '2023-03-20 19:10:45', 15720018047, C8522036, 6586238);
insert into call  values (2675072, '2023-05-07 19:35:20', 17821835174, A9574374, 3468353);
insert into call  values (2811377, '2023-06-27 20:09:28', 18196157783, A9574374, 0843435);
insert into call  values (4208372, '2022-12-14 05:27:42', 13641328864, R4370656, 5646145);
insert into call  values (4007345, '2023-02-11 02:25:22', 17657003500, R4370656, 9188716);
insert into call  values (4532377, '2022-10-28 08:32:18', 17363873979, R8412960, 9191690);
insert into call  values (9314772, '2022-09-21 13:35:57', 15331906374, R8412960, 2472505);
insert into call  values (1905359, '2023-03-15 01:25:20', 18675135140, R5110843, 3997757);
insert into call  values (1487030, '2022-07-29 07:03:12', 15283720741, R5110843, 1858441);
insert into call  values (1682024, '2023-02-11 16:55:19', 15605049187, M9968384, 1805152);
insert into call  values (9113285, '2023-03-18 02:03:33', 17412333833, M9968384, 9798491);
insert into call  values (1950467, '2023-02-10 14:15:08', 13791441602, C4635890, 4902936);
insert into call  values (7123979, '2022-09-13 22:27:10', 18360023195, C4635890, 2043805);
insert into call  values (4233496, '2023-01-18 00:59:59', 15416965640, C5003070, 5028143);
insert into call  values (3022890, '2023-02-26 19:03:31', 13246128925, C5003070, 8137263);
insert into call  values (8411695, '2022-08-25 11:07:15', 13261432670, H6064093, 3803833);
insert into call  values (2733960, '2022-07-17 16:05:06', 18355308424, H6064093, 1284452);
insert into call  values (8696910, '2023-01-23 19:41:51', 15933981598, C8977950, 8994554);
insert into call  values (7104036, '2022-10-28 06:46:00', 13825386214, C8977950, 4321440);
insert into call  values (8110354, '2022-10-19 01:28:57', 15712227739, M0833296, 1470369);
insert into call  values (7112233, '2022-11-08 05:53:33', 15688713395, M0833296, 4576138);
insert into call  values (5408974, '2023-04-06 19:02:35', 17852132887, H4857076, 1623668);
insert into call  values (4085738, '2022-11-14 10:39:08', 18641798310, H4857076, 0348712);
insert into call  values (4214931, '2022-11-21 15:41:20', 13782889285, R4880176, 1438801);
insert into call  values (5924725, '2022-12-17 16:00:40', 13431811985, R4880176, 3092810);
insert into call  values (1110559, '2023-04-29 19:47:40', 18545931921, T0754366, 5136351);
insert into call  values (4788993, '2022-08-19 14:37:52', 15308802500, T0754366, 3033645);
insert into call  values (7611823, '2022-12-14 19:06:07', 17459300519, M8818054, 8018716);
insert into call  values (5370839, '2023-01-03 04:18:02', 13837349578, M8818054, 3304501);
insert into call  values (3510848, '2022-10-07 05:20:13', 13405496988, A1457509, 0161021);
insert into call  values (2839231, '2023-02-25 14:49:03', 13123480020, A1457509, 3439263);
insert into call  values (6707384, '2022-09-17 00:35:22', 17130982792, C7322190, 0898633);
insert into call  values (8464579, '2022-10-30 15:29:44', 17301591035, C7322190, 1583769);
insert into call  values (6098247, '2023-02-25 17:24:44', 18551989108, M8938704, 4573105);
insert into call  values (8439863, '2022-07-06 09:28:21', 15797465644, M8938704, 0686624);
insert into call  values (8710670, '2022-11-05 05:42:13', 18154260529, M8059689, 5376568);
insert into call  values (8878635, '2022-07-11 03:01:14', 13633449988, M8059689, 1421730);
insert into call  values (9625318, '2023-05-26 03:42:12', 13612391188, A8959888, 1647197);
insert into call  values (9743661, '2022-10-04 03:45:29', 13881979248, A8959888, 7098247);
insert into call  values (3843275, '2023-04-21 19:17:59', 18974719337, C1930043, 0549338);
insert into call  values (9903505, '2023-02-06 21:57:32', 18155996223, C1930043, 4368909);
insert into call  values (4696917, '2022-08-09 02:46:11', 15202494839, A3006799, 4279251);
insert into call  values (3211978, '2022-09-04 04:00:22', 13768796110, A3006799, 4566800);
insert into call  values (5054260, '2022-11-28 12:09:28', 15350860864, R2207716, 6898871);
insert into call  values (9836422, '2022-08-15 10:44:18', 15107168991, R2207716, 1227442);
insert into call  values (3557250, '2022-11-15 20:34:22', 18635700059, R7882577, 5230056);
insert into call  values (4037408, '2023-06-22 16:50:29', 17854621556, R7882577, 5498276);
insert into call  values (7310123, '2023-05-14 23:46:47', 18698050331, C5953897, 6361422);
insert into call  values (9888952, '2023-03-16 07:11:50', 13706848916, C5953897, 2779294);
insert into call  values (3585485, '2022-07-22 02:17:31', 15604613993, C5300736, 5669953);
insert into call  values (5140380, '2023-03-26 16:30:29', 17921041001, C5300736, 5397878);
insert into call  values (8402891, '2022-10-04 18:44:08', 13193558739, H5313265, 8944220);
insert into call  values (8185495, '2023-01-12 11:10:12', 18385229353, H5313265, 7009857);
insert into call  values (7006175, '2023-06-16 21:31:18', 18329240274, A5619776, 0767880);
insert into call  values (2923748, '2022-10-21 22:44:45', 15255338145, A5619776, 6768733);
insert into call  values (7081936, '2023-05-25 19:52:08', 18648047666, T4984695, 9524112);
insert into call  values (5578380, '2022-09-13 09:46:36', 15989538969, T4984695, 0915966);
insert into call  values (4569259, '2023-05-09 02:26:40', 17832384340, H9136237, 8942350);
insert into call  values (7956710, '2023-06-23 18:28:45', 15345157049, H9136237, 0673800);
insert into call  values (1784264, '2023-05-27 21:54:20', 15611899534, T0781843, 3074505);
insert into call  values (2483553, '2022-12-24 04:13:04', 18633041380, T0781843, 8761423);




insert into investigation values('H2128591', '01', TIMESTAMP '2022-08-15 10:30:00', '上海市嘉定区曹安公路');
insert into investigation values('T8358305', '01', TIMESTAMP '2019-04-27 15:45:00', '成都市郫都区今江路');
insert into investigation values('C6731043', '01', TIMESTAMP '2021-10-03 09:20:00', '北京市朝阳区东直门');
insert into investigation values('C0673307', '01', TIMESTAMP '2018-09-12 14:10:00', '广州市天河区体育东路');
insert into investigation values('R2737382', '01', TIMESTAMP '2020-06-07 11:55:00', '深圳市福田区华强北路');
insert into investigation values('C3208533', '01', TIMESTAMP '2017-11-19 08:35:00', '上海市浦东新区张江高科');
insert into investigation values('R7336300', '01', TIMESTAMP '2022-02-28 13:15:00', '杭州市西湖区文一西路');
insert into investigation values('A6530912', '01', TIMESTAMP '2019-08-05 16:40:00', '南京市鼓楼区中央路');
insert into investigation values('A2967783', '01', TIMESTAMP '2020-12-10 10:05:00', '武汉市江汉区解放大道');
insert into investigation values('C9050279', '01', TIMESTAMP '2018-06-22 09:50:00', '成都市锦江区春熙路');
insert into investigation values('H1332652', '01', TIMESTAMP '2017-12-30 14:25:00', '广州市越秀区北京路');
insert into investigation values('C7361489', '01', TIMESTAMP '2019-02-17 11:30:00', '杭州市余杭区良渚古镇');
insert into investigation values('A9966621', '01', TIMESTAMP '2022-05-09 13:40:00', '西安市雁塔区大雁塔');
insert into investigation values('C9299478', '01', TIMESTAMP '2019-07-08 10:15:00', '上海市徐汇区衡山路');
insert into investigation values('C7603195', '01', TIMESTAMP '2021-03-17 09:35:00', '北京市海淀区中关村');
insert into investigation values('C2020202', '01', TIMESTAMP '2018-04-01 12:20:00', '广州市白云区人和镇');
insert into investigation values('M3824482', '01', TIMESTAMP '2020-09-23 16:15:00', '深圳市南山区科技园');
insert into investigation values('R5612586', '01', TIMESTAMP '2022-01-12 14:55:00', '成都市武侯区锦绣路');
insert into investigation values('A3608177', '01', TIMESTAMP '2019-06-14 08:40:00', '杭州市拱墅区文晖路');
insert into investigation values('C9858466', '01', TIMESTAMP '2018-02-25 10:25:00', '上海市闵行区莘庄镇');
insert into investigation values('A9422884', '01', TIMESTAMP '2017-09-11 13:50:00', '南京市江宁区将军大道');
insert into investigation values('T1606425', '01', TIMESTAMP '2021-11-03 15:05:00', '广州市番禺区市桥街');
insert into investigation values('R4177324', '01', TIMESTAMP '2022-03-15 09:45:27', '杭州市下城区武林广场');
insert into investigation values('H5605121', '01', TIMESTAMP '2021-08-29 14:06:12', '成都市青羊区宽窄巷子');
insert into investigation values('T5574680', '01', TIMESTAMP '2020-12-05 17:32:54', '上海市黄浦区南京东路');
insert into investigation values('M6026492', '01', TIMESTAMP '2019-06-10 21:18:36', '武汉市洪山区光谷广场');
insert into investigation values('H9420379', '01', TIMESTAMP '2023-02-18 08:59:41', '上海市闸北区共和新路');
insert into investigation values('A4201106', '01', TIMESTAMP '2022-11-20 12:39:07', '南京市江宁区秣周东路');
insert into investigation values('M6530633', '01', TIMESTAMP '2021-04-02 16:25:33', '广州市天河区珠江新城');
insert into investigation values('R7438302', '01', TIMESTAMP '2019-09-13 19:51:59', '杭州市西湖区灵隐寺');
insert into investigation values('A4833439', '01', TIMESTAMP '2020-08-07 10:17:42', '成都市锦江区春熙路');
insert into investigation values('M4158674', '01', TIMESTAMP '2018-05-21 13:53:24', '武汉市江汉区解放大道');
insert into investigation values('T3109993', '01', TIMESTAMP '2023-06-29 18:12:11', '上海市黄浦区人民广场');
insert into investigation values('T1943534', '01', TIMESTAMP '2018-09-26 22:30:59', '广州市荔湾区沙面街');
insert into investigation values('A3481823', '01', TIMESTAMP '2020-04-08 11:27:15', '南京市秦淮区夫子庙');
insert into investigation values('T7826188', '01', TIMESTAMP '2019-07-16 15:40:38', '广州市番禺区市桥街');
insert into investigation values('C9678763', '01', TIMESTAMP '2021-12-03 07:09:23', '上海市青浦区徐泾镇');
insert into investigation values('M1770937', '01', TIMESTAMP '2017-11-29 23:55:47', '深圳市罗湖区东门步行街');
insert into investigation values('H0176717', '01', TIMESTAMP '2022-08-09 11:35:22', '武汉市江岸区沿江大道');
insert into investigation values('C8522036', '01', TIMESTAMP '2021-06-21 16:12:07', '北京市朝阳区三里屯');
insert into investigation values('A9574374', '01', TIMESTAMP '2020-02-14 19:27:33', '成都市双流区天府五街');
insert into investigation values('R4370656', '01', TIMESTAMP '2019-04-30 22:53:56', '杭州市下城区西湖文化广场');
insert into investigation values('R8412960', '01', TIMESTAMP '2023-05-17 10:04:41', '成都市锦江区春熙路');
insert into investigation values('R5110843', '01', TIMESTAMP '2023-01-03 15:52:18', '广州市天河区珠江新城');
insert into investigation values('H9420379', '01', TIMESTAMP '2022-11-20 12:39:07', '上海市闸北区共和新路');
insert into investigation values('A4201106', '01', TIMESTAMP '2021-04-02 16:25:33', '南京市江宁区秣周东路');
insert into investigation values('M6530633', '01', TIMESTAMP '2020-08-07 10:17:42', '广州市天河区珠江新城');
insert into investigation values('R7438302', '01', TIMESTAMP '2019-07-23 14:59:14', '杭州市西湖区灵隐寺');
insert into investigation values('A4833439', '01', TIMESTAMP '2018-11-05 18:26:59', '成都市锦江区春熙路');
insert into investigation values('M4158674', '01', TIMESTAMP '2020-03-16 23:48:22', '武汉市江汉区解放大道');
insert into investigation values('T3109993', '01', TIMESTAMP '2023-06-29 18:12:11', '上海市黄浦区人民广场');
insert into investigation values('T1943534', '01', TIMESTAMP '2020-04-10 09:37:55', '广州市荔湾区沙面街');
insert into investigation values('A3481823', '01', TIMESTAMP '2019-02-14 13:20:28', '南京市秦淮区夫子庙');
insert into investigation values('T7826188', '01', TIMESTAMP '2020-12-19 08:57:01', '广州市番禺区市桥街');
insert into investigation values('C9678763', '01', TIMESTAMP '2022-07-11 17:22:36', '上海市青浦区徐泾镇');
insert into investigation values('M1770937', '01', TIMESTAMP '2021-03-28 09:41:50', '深圳市罗湖区东门步行街');
insert into investigation values('H0176717', '01', TIMESTAMP '2021-10-05 14:16:31', '武汉市江岸区沿江大道');
insert into investigation values('C8522036', '01', TIMESTAMP '2019-09-18 20:30:47', '北京市朝阳区三里屯');
insert into investigation values('A9574374', '01', TIMESTAMP '2018-12-02 11:09:55', '成都市双流区天府五街');
insert into investigation values('R4370656', '01', TIMESTAMP '2023-02-21 14:43:33', '杭州市下城区西湖文化广场');
insert into investigation values('R8412960', '01', TIMESTAMP '2017-11-12 18:25:59', '成都市锦江区春熙路');
insert into investigation values('R5110843', '01', TIMESTAMP '2022-02-05 07:38:27', '广州市天河区珠江新城');
insert into investigation values('M9968384', '01', TIMESTAMP '2019-06-29 23:17:42', '深圳市南山区科技园');
insert into investigation values('C4635890', '01', TIMESTAMP '2018-09-12 11:55:14', '北京市海淀区中关村');
insert into investigation values('C5003070', '01', TIMESTAMP '2021-10-28 16:04:53', '广州市白云区人和镇');
insert into investigation values('H6064093', '01', TIMESTAMP '2017-12-31 09:48:37', '上海市闸北区共和新路');
insert into investigation values('C8977950', '01', TIMESTAMP '2019-10-20 14:50:18', '成都市武侯区锦绣路');
insert into investigation values('M0833296', '01', TIMESTAMP '2022-07-20 21:13:59', '武汉市洪山区光谷广场');
insert into investigation values('H4857076', '01', TIMESTAMP '2020-06-14 02:39:45', '杭州市西湖区灵隐寺');
insert into investigation values('R4880176', '01', TIMESTAMP '2023-05-09 10:22:13', '广州市天河区珠江新城');
insert into investigation values('T0754366', '01', TIMESTAMP '2021-09-03 16:57:26', '上海市黄浦区人民广场');
insert into investigation values('M8818054', '01', TIMESTAMP '2019-11-25 13:41:08', '深圳市南山区科技园');
insert into investigation values('A1457509', '01', TIMESTAMP '2022-04-12 09:35:24', '南京市秦淮区夫子庙');
insert into investigation values('C7322190', '01', TIMESTAMP '2021-09-28 18:11:52', '上海市青浦区徐泾镇');
insert into investigation values('M8938704', '01', TIMESTAMP '2022-12-03 13:47:57', '武汉市江汉区解放大道');
insert into investigation values('M8059689', '01', TIMESTAMP '2020-08-19 20:09:31', '广州市天河区珠江新城');
insert into investigation values('A8959888', '01', TIMESTAMP '2020-02-15 10:14:23', '成都市双流区天府五街');
insert into investigation values('C1930043', '01', TIMESTAMP '2021-07-07 16:52:09', '北京市朝阳区三里屯');
insert into investigation values('A3006799', '01', TIMESTAMP '2023-01-29 08:21:40', '南京市江宁区秣周东路');
insert into investigation values('R2207716', '01', TIMESTAMP '2022-06-17 11:45:56', '杭州市下城区西湖文化广场');
insert into investigation values('R7882577', '01', TIMESTAMP '2022-02-24 17:09:14', '成都市锦江区春熙路');
insert into investigation values('C5953897', '01', TIMESTAMP '2021-03-09 15:28:47', '上海市闵行区莘庄镇');
insert into investigation values('C5300736', '01', TIMESTAMP '2020-10-31 09:57:08', '广州市荔湾区沙面街');
insert into investigation values('H5313265', '01', TIMESTAMP '2023-05-18 13:36:22', '广州市天河区珠江新城');
insert into investigation values('A5619776', '01', TIMESTAMP '2021-11-23 07:09:55', '上海市黄浦区南京东路');
insert into investigation values('T4984695', '01', TIMESTAMP '2022-06-15 16:48:21', '广州市番禺区市桥街');
insert into investigation values('H9136237', '01', TIMESTAMP '2023-03-10 10:37:56', '杭州市西湖区灵隐寺');
insert into investigation values('T0781843', '01', TIMESTAMP '2021-08-29 14:12:39', '上海市徐汇区衡山路');
insert into investigation values('A4621121', '01', TIMESTAMP '2022-11-12 19:25:47', '南京市江宁区将军大道');
insert into investigation values('R6676714', '01', TIMESTAMP '2023-05-05 07:58:03', '成都市武侯区锦绣路');
insert into investigation values('A3323690', '01', TIMESTAMP '2021-09-23 10:43:18', '南京市秦淮区夫子庙');
insert into investigation values('R5568249', '01', TIMESTAMP '2023-02-26 13:14:57', '杭州市下城区武林广场');
insert into investigation values('M4258029', '01', TIMESTAMP '2021-07-18 08:31:42', '深圳市南山区科技园');
insert into investigation values('A5751046', '01', TIMESTAMP '2021-02-10 12:59:35', '成都市双流区天府五街');
insert into investigation values('A2783782', '01', TIMESTAMP '2023-04-01 17:22:06', '南京市江宁区秣周东路');
insert into investigation values('C4645352', '01', TIMESTAMP '2022-09-15 23:57:24', '广州市白云区人和镇');
insert into investigation values('C4929200', '01', TIMESTAMP '2021-11-27 09:34:52', '上海市闵行区莘庄镇');
insert into investigation values('C2032435', '01', TIMESTAMP '2022-03-19 14:43:28', '北京市海淀区中关村');
insert into investigation values('R8234487', '01', TIMESTAMP '2023-01-09 20:16:55', '成都市青羊区宽窄巷子');


insert into response values('H2128591', '2426478', '01');
insert into response values('T8358305', '3889043', '01');
insert into response values('C6731043', '9836582', '01');
insert into response values('C0673307', '1691715', '01');
insert into response values('R2737382', '0975704', '01');
insert into response values('C3208533', '0715805', '01');
insert into response values('R7336300', '4264114', '01');
insert into response values('A6530912', '8837988', '01');
insert into response values('A2967783', '6827713', '01');
insert into response values('C9050279', '4348435', '01');
insert into response values('H1332652', '9234086', '01');
insert into response values('C7361489', '8268264', '01');
insert into response values('A9966621', '9173384', '01');
insert into response values('C9299478', '7150329', '01');
insert into response values('C7603195', '5218977', '01');
insert into response values('C2020202', '7614546', '01');
insert into response values('M3824482', '2426478', '01');
insert into response values('R5612586', '3889043', '01');
insert into response values('A3608177', '9836582', '01');
insert into response values('C9858466', '1691715', '01');
insert into response values('A9422884', '0975704', '01');
insert into response values('T1606425', '0715805', '01');
insert into response values('R4177324', '4264114', '01');
insert into response values('A4833439', '8837988', '01');
insert into response values('M4158674', '6827713', '01');
insert into response values('H2128591', '4789420', '01');
insert into response values('T8358305', '4693712', '01');
insert into response values('C6731043', '8734165', '01');
insert into response values('C0673307', '0664786', '01');
insert into response values('R2737382', '9884669', '01');
insert into response values('C3208533', '7104084', '01');
insert into response values('R7336300', '3242355', '01');
insert into response values('A6530912', '2402834', '01');
insert into response values('A2967783', '5639807', '01');
insert into response values('C9050279', '8167027', '01');
insert into response values('H1332652', '7233141', '01');
insert into response values('C7361489', '4712543', '01');
insert into response values('A9966621', '7003217', '01');
insert into response values('C9299478', '1313149', '01');
insert into response values('C7603195', '2085174', '01');
insert into response values('C2020202', '8712011', '01');
insert into response values('M3824482', '6916120', '01');
insert into response values('R5612586', '4789420', '01');
insert into response values('A3608177', '4693712', '01');
insert into response values('C9858466', '8734165', '01');
insert into response values('A9422884', '0664786', '01');
insert into response values('T1606425', '9884669', '01');
insert into response values('R4177324', '7104084', '01');
insert into response values('A4833439', '3242355', '01');
insert into response values('M4158674', '2402834', '01');
insert into response values('T3109993', '5639807', '01');
insert into response values('T1943534', '8167027', '01');
insert into response values('A3481823', '7233141', '01');
insert into response values('T7826188', '4712543', '01');
insert into response values('C9678763', '7003217', '01');
insert into response values('M1770937', '1313149', '01');
insert into response values('H0176717', '2085174', '01');
insert into response values('C8522036', '8712011', '01');
insert into response values('A9574374', '6916120', '01');
insert into response values('R4370656', '4789420', '01');
insert into response values('R8412960', '4693712', '01');
insert into response values('R5110843', '8734165', '01');
insert into response values('M9968384', '0664786', '01');
insert into response values('C4635890', '9884669', '01');
insert into response values('C5003070', '7104084', '01');
insert into response values('H6064093', '3242355', '01');
insert into response values('C8977950', '2402834', '01');
insert into response values('M0833296', '5639807', '01');
insert into response values('H4857076', '8167027', '01');
insert into response values('R4880176', 'H2128591', '01');
insert into response values('T0754366', 'T8358305', '01');
insert into response values('M8818054', 'C6731043', '01');
insert into response values('A1457509', 'C0673307', '01');
insert into response values('C7322190', 'R2737382', '01');
insert into response values('M8938704', 'C3208533', '01');
insert into response values('M8059689', 'R7336300', '01');
insert into response values('A8959888', 'A6530912', '01');
insert into response values('C1930043', 'A2967783', '01');
insert into response values('A3006799', 'C9050279', '01');
insert into response values('R2207716', 'H1332652', '01');
insert into response values('R7882577', 'C7361489', '01');
insert into response values('C5953897', 'A9966621', '01');
insert into response values('C5300736', 'C9299478', '01');
insert into response values('H5313265', 'C7603195', '01');
insert into response values('A5619776', 'C2020202', '01');
insert into response values('T4984695', 'M3824482', '01');
insert into response values('H9136237', 'R5612586', '01');
insert into response values('T0781843', 'A3608177', '01');
insert into response values('A4621121', 'C9858466', '01');
insert into response values('R6676714', 'A9422884', '01');
insert into response values('A3323690', 'T1606425', '01');
insert into response values('R5568249', 'R4177324', '01');
insert into response values('M4258029', 'A4833439', '01');
insert into response values('A5751046', '2043805', '01');
insert into response values('A2783782', '5028143', '01');
insert into response values('C4645352', '8137263', '01');
insert into response values('C4929200', '3803833', '01');
insert into response values('C2032435', '1284452', '01');
insert into response values('R8234487', '8994554', '01');
insert into response values('C7327500', '4321440', '01');
insert into response values('A5783387', '1470369', '01');
insert into response values('M0541895', '4576138', '01');
insert into response values('A9048120', '1623668', '01');
insert into response values('A6960223', '0348712', '01');
insert into response values('H1243384', '1438801', '01');
insert into response values('C9133349', '3092810', '01');
insert into response values('C3163900', '5136351', '01');
insert into response values('H4925894', '3033645', '01');
insert into response values('R2874839', '8018716', '01');
insert into response values('C1318121', '3304501', '01');
insert into response values('R0045191', '0161021', '01');
insert into response values('T3095546', '3439263', '01');
insert into response values('C3000178', '0898633', '01');
insert into response values('T6919087', '1583769', '01');
insert into response values('T3124570', '4573105', '01');
insert into response values('T8238499', '0686624', '01');
insert into response values('R1347245', '5376568', '01');
insert into response values('M9745383', '1421730', '01');
insert into response values('A5751046', '1647197', '01');
insert into response values('A2783782', '7098247', '01');
insert into response values('C4645352', '0549338', '01');
insert into response values('C4929200', '4368909', '01');
insert into response values('C2032435', '4279251', '01');
insert into response values('R8234487', '4566800', '01');
insert into response values('C7327500', '6898871', '01');
insert into response values('A5783387', '1227442', '01');
insert into response values('M0541895', '5230056', '01');
insert into response values('A9048120', '5498276', '01');
insert into response values('C1223152', '8137263', '01');
insert into response values('T0346506', '3803833', '01');
insert into response values('M8914411', '1284452', '01');
insert into response values('C0581455', '8994554', '01');
insert into response values('A8804912', '4321440', '01');
insert into response values('A4782097', '1470369', '01');
insert into response values('T4994138', '4576138', '01');
insert into response values('H0945988', '1623668', '01');
insert into response values('H2052444', '0348712', '01');
insert into response values('C7806373', '1438801', '01');
insert into response values('A9698487', '3092810', '01');
insert into response values('A4235940', '5136351', '01');
insert into response values('H8228851', '3033645', '01');
insert into response values('C1018094', '8018716', '01');
insert into response values('T4091127', '3304501', '01');
insert into response values('A2510652', '0161021', '01');
insert into response values('M4150706', '3439263', '01');
insert into response values('M0856349', '0898633', '01');
insert into response values('T8883000', '1583769', '01');
insert into response values('A6384385', '4573105', '01');
insert into response values('A1454607', '0686624', '01');
insert into response values('C8378084', '5376568', '01');
insert into response values('R7893101', '1421730', '01');


INSERT INTO cases VALUES('H5605121', '故意伤害', '立案', '2023-07-10', '上海市普陀区真北路', '3');
INSERT INTO cases VALUES('T5574680', '盗窃', '调查', '2023-06-20', '北京市海淀区中关村大街', '0');
INSERT INTO cases VALUES('M6026492', '谋杀', '结案', '2023-07-07', '广州市番禺区市桥街道', '1');
INSERT INTO cases VALUES('H9420379', '故意伤害', '立案', '2023-06-25', '深圳市宝安区新安街道', '2');
INSERT INTO cases VALUES('A4201106', '强奸', '调查', '2023-07-01', '成都市金牛区沙湾路', '3');
INSERT INTO cases VALUES('M6530633', '谋杀', '结案', '2023-07-05', '杭州市余杭区文一西路', '0');
INSERT INTO cases VALUES('R7438302', '抢劫', '立案', '2023-07-12', '南京市栖霞区仙林大道', '1');
INSERT INTO cases VALUES('A4833439', '强奸', '调查', '2023-07-03', '重庆市江北区江北城街道', '2');
INSERT INTO cases VALUES('M4158674', '谋杀', '结案', '2023-07-09', '武汉市江汉区中山大道', '3');
INSERT INTO cases VALUES('T3109993', '盗窃', '立案', '2023-06-30', '西安市雁塔区长安南路', '0');
INSERT INTO cases VALUES('T1943534', '盗窃', '调查', '2023-07-02', '长沙市天心区浏阳河西路', '1');
INSERT INTO cases VALUES('A3481823', '强奸', '结案', '2023-07-08', '济南市历城区药谷大街', '2');
INSERT INTO cases VALUES('T7826188', '盗窃', '立案', '2023-07-04', '沈阳市和平区北陵大街', '3');
INSERT INTO cases VALUES('C9678763', '诈骗', '调查', '2023-07-10', '淄博市张店区人民广场', '0');
INSERT INTO cases VALUES('M1770937', '谋杀', '结案', '2023-07-11', '厦门市思明区曾厝', '1');
INSERT INTO cases VALUES('H0176717', '故意伤害', '立案', '2023-07-03', '太原市迎泽区滨河西路', '2');
INSERT INTO cases VALUES('C8522036', '诈骗', '调查', '2023-07-12', '青岛市市北区辽阳西路', '3');
INSERT INTO cases VALUES('A9574374', '强奸', '结案', '2023-07-06', '天津市滨海新区塘沽万达广场', '0');
INSERT INTO cases VALUES('R4370656', '抢劫', '立案', '2023-07-09', '苏州市相城区阳澄湖大道', '1');
INSERT INTO cases VALUES('R8412960', '抢劫', '调查', '2023-07-11', '无锡市惠山区钱桥北路', '2');
INSERT INTO cases VALUES('R5110843', '抢劫', '结案', '2023-07-13', '郑州市二七区建设东路', '3');
INSERT INTO cases VALUES('M9968384', '谋杀', '立案', '2023-07-07', '重庆市九龙坡区奥体中心', '0');
INSERT INTO cases VALUES('C5003070', '诈骗', '立案', '2023-07-14', '上海市青浦区徐泾镇', '1');
INSERT INTO cases VALUES('H6064093', '故意伤害', '调查', '2023-07-16', '北京市朝阳区三里屯', '2');
INSERT INTO cases VALUES('C8977950', '诈骗', '结案', '2023-07-18', '广州市天河区珠江新城', '3');
INSERT INTO cases VALUES('M0833296', '谋杀', '立案', '2023-07-17', '深圳市福田区皇岗口岸', '0');
INSERT INTO cases VALUES('H4857076', '故意伤害', '调查', '2023-07-19', '成都市武侯区春熙路', '1');
INSERT INTO cases VALUES('R4880176', '抢劫', '结案', '2023-07-21', '杭州市西湖区灵隐寺', '2');
INSERT INTO cases VALUES('T0754366', '盗窃', '立案', '2023-07-20', '南京市秦淮区夫子庙', '3');
INSERT INTO cases VALUES('M8818054', '谋杀', '调查', '2023-07-22', '重庆市渝中区解放碑', '0');
INSERT INTO cases VALUES('A1457509', '强奸', '结案', '2023-07-24', '武汉市江岸区黄浦路', '1');
INSERT INTO cases VALUES('C7322190', '诈骗', '立案', '2023-07-23', '西安市雁塔区长安南路', '2');
INSERT INTO cases VALUES('M8938704', '谋杀', '调查', '2023-07-25', '长沙市岳麓区望城路', '3');
INSERT INTO cases VALUES('M8059689', '谋杀', '结案', '2023-07-27', '济南市历下区泉城广场', '0');
INSERT INTO cases VALUES('A8959888', '强奸', '立案', '2023-07-26', '沈阳市和平区新兴大街', '1');
INSERT INTO cases VALUES('C1930043', '诈骗', '调查', '2023-07-28', '淄博市张店区世纪大道', '2');
INSERT INTO cases VALUES('A3006799', '强奸', '结案', '2023-07-30', '厦门市思明区中山路', '3');
INSERT INTO cases VALUES('R2207716', '抢劫', '立案', '2023-07-29', '太原市万柏林区迎泽大街', '0');
INSERT INTO cases VALUES('R7882577', '抢劫', '调查', '2023-07-31', '青岛市市北区辽阳东路', '1');
INSERT INTO cases VALUES('C5953897', '诈骗', '结案', '2023-08-02', '天津市河西区大王庄街', '2');
INSERT INTO cases VALUES('C5300736', '诈骗', '立案', '2023-08-01', '苏州市姑苏区观前街', '3');
INSERT INTO cases VALUES('H5313265', '故意伤害', '调查', '2023-08-03', '无锡市滨湖区钱江北路', '0');
INSERT INTO cases VALUES('A5619776', '强奸', '结案', '2023-08-05', '郑州市金水区农科路', '1');

INSERT INTO cases VALUES('T4984695', '盗窃', '立案', '2018-06-15', '上海市嘉定区曹安公路', '0');
INSERT INTO cases VALUES('H9136237', '故意伤害', '调查', '2019-09-27', '上海市静安区延安西路', '1');
INSERT INTO cases VALUES('T0781843', '盗窃', '结案', '2022-11-05', '上海市长宁区虹桥路', '2');
INSERT INTO cases VALUES('A4621121', '强奸', '立案', '2017-12-20', '上海市浦东新区张杨路', '3');
INSERT INTO cases VALUES('R6676714', '抢劫', '调查', '2019-07-02', '上海市徐汇区漕溪北路', '0');
INSERT INTO cases VALUES('A3323690', '强奸', '结案', '2020-08-13', '上海市杨浦区四平路', '1');
INSERT INTO cases VALUES('R5568249', '抢劫', '立案', '2018-03-10', '上海市黄浦区南京东路', '2');
INSERT INTO cases VALUES('M4258029', '谋杀', '调查', '2021-10-18', '上海市闵行区虹梅路', '3');
INSERT INTO cases VALUES('A5751046', '强奸', '结案', '2017-09-28', '上海市普陀区真北路', '0');
INSERT INTO cases VALUES('A2783782', '强奸', '立案', '2018-07-09', '上海市长宁区遵义路', '1');
INSERT INTO cases VALUES('C4645352', '诈骗', '调查', '2020-12-31', '上海市闸北区天目西路', '2');
INSERT INTO cases VALUES('C4929200', '诈骗', '结案', '2022-02-08', '上海市松江区文汇东路', '3');
INSERT INTO cases VALUES('C2032435', '诈骗', '立案', '2019-04-11', '上海市嘉定区华江路', '0');
INSERT INTO cases VALUES('R8234487', '抢劫', '调查', '2020-07-21', '上海市闵行区都市路', '1');
INSERT INTO cases VALUES('C7327500', '诈骗', '结案', '2021-09-30', '上海市宝山区逸仙路', '2');
INSERT INTO cases VALUES('A5783387', '强奸', '立案', '2017-11-15', '上海市静安区南京西路', '3');
INSERT INTO cases VALUES('M0541895', '谋杀', '调查', '2018-09-03', '上海市徐汇区漕河泾开发区', '0');
INSERT INTO cases VALUES('A9048120', '强奸', '结案', '2019-12-07', '上海市杨浦区控江路', '1');
INSERT INTO cases VALUES('A6960223', '强奸', '立案', '2021-02-24', '上海市黄浦区外滩', '2');
INSERT INTO cases VALUES('H1243384', '故意伤害', '调查', '2017-10-29', '上海市虹口区四川北路', '3');
INSERT INTO cases VALUES('C9133349', '诈骗', '结案', '2018-08-18', '上海市普陀区长寿路', '0');
INSERT INTO cases VALUES('C3163900', '诈骗', '立案', '2019-01-05', '上海市杨浦区国康路', '1');

INSERT INTO cases VALUES('R2874839', '抢劫', '结案', '2017-08-23', '上海市长宁区今江西路', '2');
 INSERT INTO cases VALUES('C1318121', '诈骗', '立案', '2019-02-14', '上海市徐汇区四川路', '3');
INSERT INTO cases VALUES('R0045191', '抢劫', '调查', '2020-06-01', '上海市杨浦区福建路', '0');
INSERT INTO cases VALUES('T3095546', '盗窃', '结案', '2018-11-07', '上海市普陀区人民南路', '1');
INSERT INTO cases VALUES('C3000178', '诈骗', '立案', '2021-05-19', '上海市虹口区破落路', '2');
INSERT INTO cases VALUES('T6919087', '盗窃', '调查', '2017-12-10', '上海市静安区靖江路', '3');
INSERT INTO cases VALUES('T3124570', '盗窃', '结案', '2019-09-03', '上海市闵行区湖南路', '0');
INSERT INTO cases VALUES('T8238499', '盗窃', '立案', '2022-04-30', '上海市浦东新区新疆路', '1');
INSERT INTO cases VALUES('R1347245', '抢劫', '调查', '2021-01-15', '上海市松江区长春路', '2');
INSERT INTO cases VALUES('M9745383', '谋杀', '结案', '2018-07-22', '上海市黄浦区热门南路', '3');
INSERT INTO cases VALUES('C1223152', '诈骗', '立案', '2023-04-09', '上海市嘉定区曹安公路', '0');
INSERT INTO cases VALUES('T0346506', '盗窃', '调查', '2023-06-15', '北京市朝阳区东直门', '1');
INSERT INTO cases VALUES('M8914411', '谋杀', '结案', '2023-05-22', '广州市天河区花城大道', '2');
INSERT INTO cases VALUES('C0581455', '诈骗', '立案', '2023-07-01', '深圳市福田区华强北', '3');
INSERT INTO cases VALUES('A8804912', '强奸', '调查', '2023-04-18', '上海市浦东新区陆家嘴', '0');
INSERT INTO cases VALUES('A4782097', '故意伤害', '结案', '2023-05-10', '成都市青羊区春熙路', '1');
INSERT INTO cases VALUES('T4994138', '盗窃', '立案', '2023-03-27', '杭州市西湖区断桥残雪', '2');
INSERT INTO cases VALUES('H0945988', '故意伤害', '调查', '2023-07-02', '重庆市渝中区解放碑', '3');
INSERT INTO cases VALUES('H2052444', '故意伤害', '结案', '2023-06-08', '南京市鼓楼区中山陵', '0');
INSERT INTO cases VALUES('C7806373', '诈骗', '立案', '2023-05-01', '广州市越秀区荔湾路', '1');
INSERT INTO cases VALUES('A9698487', '强奸', '调查', '2023-04-12', '武汉市江岸区黄鹤楼', '2');
INSERT INTO cases VALUES('A4235940', '强奸', '结案', '2023-03-19', '西安市碑林区钟楼', '3');
INSERT INTO cases VALUES('H8228851', '故意伤害', '立案', '2023-06-25', '苏州市姑苏区平江路', '0');
INSERT INTO cases VALUES('C1018094', '诈骗', '调查', '2023-07-03', '天津市和平区意式风情街道', '1');
INSERT INTO cases VALUES('T4091127', '盗窃', '结案', '2023-05-14', '长沙市岳麓区岳麓山', '2');
INSERT INTO cases VALUES('A2510652', '强奸', '立案', '2023-04-26', '沈阳市和平区沈阳故宫', '3');
INSERT INTO cases VALUES('M4150706', '谋杀', '调查', '2023-03-31', '重庆市渝北区龙头寺公园', '0');
INSERT INTO cases VALUES('M0856349', '谋杀', '结案', '2023-06-18', '南京市玄武区中山陵', '1');
INSERT INTO cases VALUES('T8883000', '盗窃', '立案', '2023-05-05', '成都市锦江区宽窄巷子', '2');
INSERT INTO cases VALUES('A6384385', '强奸', '调查', '2023-04-15', '杭州市拱墅区灵隐寺', '3');
INSERT INTO cases VALUES('A1454607', '强奸', '结案', '2023-03-22', '武汉市江汉区户部巷', '0');
INSERT INTO cases VALUES('C8378084', '诈骗', '调查', '2023-07-02', '深圳市南山区世界之窗', '1');


INSERT INTO patrol VALUES('6361422', '2021-04-11', '上海市静安区南京西路');
INSERT INTO patrol VALUES('2779294', '2018-09-02', '北京市海淀区中关村大街');
INSERT INTO patrol VALUES('5669953', '2023-03-18', '成都市高新区天府大道');
INSERT INTO patrol VALUES('5397878', '2020-07-29', '广州市番禺区市桥街');
INSERT INTO patrol VALUES('8944220', '2019-05-12', '深圳市宝安区西乡街道');
INSERT INTO patrol VALUES('7009857', '2022-01-05', '重庆市江北区北城天街');
INSERT INTO patrol VALUES('0767880', '2017-11-08', '武汉市洪山区珞喻路');
INSERT INTO patrol VALUES('6768733', '2020-10-23', '南京市鼓楼区中央门大街');
INSERT INTO patrol VALUES('9524112', '2023-05-30', '杭州市下城区湖滨路');
INSERT INTO patrol VALUES('0915966', '2018-06-14', '苏州市吴中区木渎镇');
INSERT INTO patrol VALUES('8942350', '2022-09-13', '青岛市黄岛区香港西路');
INSERT INTO patrol VALUES('0673800', '2021-12-24', '大连市甘井子区华南路');
INSERT INTO patrol VALUES('3074505', '2019-08-07', '厦门市湖里区吕岭路');
INSERT INTO patrol VALUES('8761423', '2023-01-16', '长春市二道区农安街');
INSERT INTO patrol VALUES('6361422', '2018-04-25', '济南市历城区花园路');
INSERT INTO patrol VALUES('2779294', '2021-07-03', '哈尔滨市道外区中央大街');
INSERT INTO patrol VALUES('5669953', '2019-02-19', '南昌市青云谱区英雄大道');
INSERT INTO patrol VALUES('5397878', '2022-11-02', '苏州市相城区黄埭镇');
INSERT INTO patrol VALUES('8944220', '2018-01-15', '福州市台江区三叉街');
INSERT INTO patrol VALUES('7009857', '2023-04-08', '郑州市金水区人民路');
INSERT INTO patrol VALUES('0767880', '2020-05-01', '石家庄市裕华区友谊大街');
INSERT INTO patrol VALUES('6768733', '2019-10-26', '武汉市江汉区户部巷');
INSERT INTO patrol VALUES('9524112', '2022-07-09', '成都市锦江区东大街');
INSERT INTO patrol VALUES('0915966', '2018-09-22', '重庆市渝北区回兴街道');
INSERT INTO patrol VALUES('8942350', '2021-02-14', '广州市天河区天河路');
INSERT INTO patrol VALUES('0673800', '2023-03-31', '深圳市南山区蛇口海上世界');
INSERT INTO patrol VALUES('3074505', '2019-12-09', '杭州市西湖区北山路');
INSERT INTO patrol VALUES('8761423', '2022-05-27', '南京市建邺区江东中路');
INSERT INTO patrol VALUES('2043805', '2022-06-10', '上海市嘉定区曹安公路');
INSERT INTO patrol VALUES('5028143', '2019-11-25', '成都市金牛区花牌坊街');
INSERT INTO patrol VALUES('8137263', '2020-09-03', '北京市朝阳区建国门外大街');
INSERT INTO patrol VALUES('3803833', '2018-07-17', '广州市天河区体育西路');
INSERT INTO patrol VALUES('1284452', '2021-05-02', '深圳市福田区华强北街');
INSERT INTO patrol VALUES('8994554', '2017-08-14', '重庆市渝中区解放碑步行街');
INSERT INTO patrol VALUES('4321440', '2023-01-08', '武汉市江汉区江汉路');
INSERT INTO patrol VALUES('1470369', '2020-03-21', '南京市玄武区珠江路');
INSERT INTO patrol VALUES('4576138', '2019-08-29', '杭州市西湖区西湖文化广场');
INSERT INTO patrol VALUES('1623668', '2021-12-05', '苏州市姑苏区观前街');
INSERT INTO patrol VALUES('0348712', '2018-09-18', '青岛市市南区中山路');
INSERT INTO patrol VALUES('1438801', '2022-08-07', '大连市中山区人民广场');
INSERT INTO patrol VALUES('3092810', '2023-03-12', '厦门市思明区中山路');
INSERT INTO patrol VALUES('5136351', '2017-11-28', '济南市历下区解放路');
INSERT INTO patrol VALUES('3033645', '2020-06-16', '哈尔滨市道里区中央大街');
INSERT INTO patrol VALUES('8018716', '2019-02-09', '长春市朝阳区人民大街');
INSERT INTO patrol VALUES('3304501', '2022-04-23', '南昌市东湖区洪都中大道');
INSERT INTO patrol VALUES('0161021', '2018-12-31', '福州市鼓楼区五一北路');
INSERT INTO patrol VALUES('3439263', '2021-07-06', '郑州市中原区花园路');
INSERT INTO patrol VALUES('0898633', '2017-10-14', '石家庄市长安区裕华西路');
INSERT INTO patrol VALUES('1583769', '2023-05-19', '武汉市江汉区桂林路');
INSERT INTO patrol VALUES('4573105', '2020-02-17', '成都市锦江区春熙路');
INSERT INTO patrol VALUES('0686624', '2021-09-29', '重庆市渝中区南京路步行街');
INSERT INTO patrol VALUES('5376568', '2019-06-01', '广州市越秀区北京路');
INSERT INTO patrol VALUES('1421730', '2022-11-11', '深圳市南山区蛇口工业区');
INSERT INTO patrol VALUES('1647197', '2018-04-05', '杭州市拱墅区小河路');
INSERT INTO patrol VALUES('7098247', '2023-02-14', '苏州市相城区阳澄湖路');
INSERT INTO patrol VALUES('0549338', '2019-10-07', '青岛市崂山区东海西路');
INSERT INTO patrol VALUES('4368909', '2021-03-26', '大连市沙河口区人民广场');

insert into case_video values ('H2128591', '20110'); 
insert into case_video values ('H2128591', '20371'); 
insert into case_video values ('T8358305', '99137');
insert into case_video values ('T8358305', '77336'); 
insert into case_video values ('C6731043', '43372'); 
insert into case_video values ('C6731043', '35299'); 
insert into case_video values ('C0673307', '97055'); 
insert into case_video values ('C0673307', '68431'); 
insert into case_video values ('R2737382', '75125'); 
insert into case_video values ('R2737382', '25174'); 
insert into case_video values ('C3208533', '37620'); 
insert into case_video values ('C3208533', '11342'); 
insert into case_video values ('R7336300', '31263'); 
insert into case_video values ('R7336300', '16764'); 
insert into case_video values ('A6530912', '49603'); 
insert into case_video values ('A6530912', '17187'); 
insert into case_video values ('A2967783', '93014'); 
insert into case_video values ('A2967783', '33143'); 
insert into case_video values ('C9050279', '22958'); 
insert into case_video values ('C9050279', '71344'); 
insert into case_video values ('H1332652', '59284'); 
insert into case_video values ('H1332652', '92190'); 
insert into case_video values ('C7361489', '48764'); 
insert into case_video values ('C7361489', '94432'); 
insert into case_video values ('A9966621', '35481'); 
insert into case_video values ('A9966621', '51731'); 
insert into case_video values ('C9299478', '51801');
insert into case_video values ('C9299478', '30565'); 
insert into case_video values ('C7603195', '72015'); 
insert into case_video values ('C7603195', '91222'); 
insert into case_video values ('C2020202', '51590'); 
insert into case_video values ('C2020202', '98712'); 
insert into case_video values ('M3824482', '77962'); 
insert into case_video values ('M3824482', '65695'); 
insert into case_video values ('R5612586', '71553'); 
insert into case_video values ('R5612586', '51960'); 
insert into case_video values ('A3608177', '71010'); 
insert into case_video values ('A3608177', '13053'); 
insert into case_video values ('C9858466', '56770'); 
insert into case_video values ('C9858466', '54808'); 
insert into case_video values ('A9422884', '87616'); 
insert into case_video values ('A9422884', '88835'); 
insert into case_video values ('T1606425', '59878'); 
insert into case_video values ('T1606425', '26348'); 
insert into case_video values ('R4177324', '75050'); 
insert into case_video values ('R4177324', '19944'); 
insert into case_video values ('H5605121', '36814'); 
insert into case_video values ('H5605121', '73235'); 
insert into case_video values ('T5574680', '66339'); 
insert into case_video values ('T5574680', '11057'); 
insert into case_video values ('M6026492', '59960'); 
insert into case_video values ('M6026492', '22476'); 
insert into case_video values ('H9420379', '80494'); 
insert into case_video values ('H9420379', '43727'); 
insert into case_video values ('A4201106', '61623');
insert into case_video values ('A4201106', '41724'); 
insert into case_video values ('M6530633', '25325'); 
insert into case_video values ('M6530633', '65714'); 
insert into case_video values ('R7438302', '14146'); 
insert into case_video values ('R7438302', '30434'); 
insert into case_video values ('A4833439', '23716'); 
insert into case_video values ('A4833439', '31619'); 
insert into case_video values ('M4158674', '55085'); 
insert into case_video values ('M4158674', '88456'); 
insert into case_video values ('T3109993', '73060'); 
insert into case_video values ('T3109993', '44620'); 
insert into case_video values ('T1943534', '94813'); 
insert into case_video values ('T1943534', '80720'); 
insert into case_video values ('A3481823', '82630'); 
insert into case_video values ('A3481823', '87925'); 
insert into case_video values ('T7826188', '10412'); 
insert into case_video values ('T7826188', '74053'); 
insert into case_video values ('C9678763', '98092'); 
insert into case_video values ('C9678763', '28081'); 
insert into case_video values ('M1770937', '88181'); 
insert into case_video values ('M1770937', '31916'); 
insert into case_video values ('H0176717', '51125'); 
insert into case_video values ('H0176717', '87017'); 
insert into case_video values ('C8522036', '80749'); 
insert into case_video values ('C8522036', '40648'); 
insert into case_video values ('A9574374', '53787'); 
insert into case_video values ('A9574374', '73320'); 
insert into case_video values ('R4370656', '43216'); 
insert into case_video values ('R4370656', '45427');
insert into case_video values ('R8412960', '93567'); 
insert into case_video values ('R8412960', '77513'); 
insert into case_video values ('R5110843', '93247'); 
insert into case_video values ('R5110843', '80146'); 
insert into case_video values ('M9968384', '19157'); 
insert into case_video values ('M9968384', '13385'); 
insert into case_video values ('C4635890', '85307'); 
insert into case_video values ('C4635890', '38921'); 
insert into case_video values ('C5003070', '50286'); 
insert into case_video values ('C5003070', '17865'); 
insert into case_video values ('H6064093', '62963'); 
insert into case_video values ('H6064093', '56417'); 
insert into case_video values ('C8977950', '37977'); 
insert into case_video values ('C8977950', '59170'); 
insert into case_video values ('M0833296', '82320');
insert into case_video values ('M0833296', '92114');


insert into videos values ('20110', '2023-05-06 18:14:06', '2023-05-07 05:35:11', '调查', '2426478');
insert into videos values ('20371', '2022-11-08 06:36:12', '2022-11-08 14:44:17', '监控', '3889043');
insert into videos values ('99137', '2022-12-04 10:29:17', '2022-12-04 23:51:18', '监控', '9836582');
insert into videos values ('77336', '2022-10-26 03:26:25', '2022-10-26 08:09:37', '审讯', '1691715');
insert into videos values ('43372', '2023-07-01 23:09:30', '2023-07-02 08:45:08', '审讯', '0975704');
insert into videos values ('35299', '2022-09-08 06:27:39', '2022-09-09 01:58:50', '调查', '0715805');
insert into videos values ('97055', '2023-02-18 21:33:35', '2023-02-19 08:39:19', '调查', '4264114');
insert into videos values ('68431', '2023-06-27 05:58:59', '2023-06-27 13:22:33', '审讯', '8837988');
insert into videos values ('75125', '2022-10-23 04:03:01', '2022-10-23 11:14:25', '审讯', '6827713');
insert into videos values ('25174', '2023-05-21 12:54:13', '2023-05-22 11:44:49', '审讯', '4348435');
insert into videos values ('37620', '2022-10-31 09:53:13', '2022-10-31 21:41:03', '审讯', '9234086');
insert into videos values ('11342', '2022-08-12 10:46:00', '2022-08-13 03:37:15', '监控', '8268264');
insert into videos values ('31263', '2023-06-26 22:24:18', '2023-06-27 21:53:57', '调查', '9173384');
insert into videos values ('16764', '2023-03-28 10:09:49', '2023-03-29 00:44:45', '监控', '7150329');
insert into videos values ('49603', '2023-04-10 16:15:39', '2023-04-10 19:06:43', '监控', '5218977');
insert into videos values ('17187', '2023-05-22 20:56:26', '2023-05-23 00:51:39', '调查', '7614546');
insert into videos values ('93014', '2022-10-31 15:10:04', '2022-11-01 12:16:07', '监控', '4789420');
insert into videos values ('33143', '2022-12-01 09:44:40', '2022-12-02 03:59:44', '监控', '4693712');
insert into videos values ('22958', '2022-07-23 13:27:02', '2022-07-24 02:38:55', '审讯', '8734165');
insert into videos values ('71344', '2023-03-30 09:38:30', '2023-03-31 03:46:39', '监控', '0664786');
insert into videos values ('59284', '2023-04-02 16:21:16', '2023-04-03 02:29:04', '调查', '9884669');
insert into videos values ('92190', '2022-11-01 04:07:57', '2022-11-01 08:52:22', '审讯', '7104084');
insert into videos values ('48764', '2022-09-12 09:30:11', '2022-09-12 17:02:54', '调查', '3242355');
insert into videos values ('94432', '2023-06-02 17:09:16', '2023-06-03 02:05:19', '调查', '2402834');
insert into videos values ('35481', '2023-03-31 05:14:05', '2023-03-31 23:32:16', '调查', '5639807');
insert into videos values ('51731', '2022-10-13 17:47:58', '2022-10-13 23:02:02', '审讯', '8167027');
insert into videos values ('51801', '2022-11-24 17:33:30', '2022-11-25 13:06:45', '审讯', '7233141');
insert into videos values ('30565', '2023-07-01 19:38:45', '2023-07-02 10:49:39', '监控', '4712543');
insert into videos values ('72015', '2023-06-15 23:27:39', '2023-06-16 00:23:27', '调查', '7003217');
insert into videos values ('91222', '2023-04-10 02:58:19', '2023-04-10 07:39:10', '审讯', '1313149');
insert into videos values ('51590', '2022-08-07 05:51:08', '2022-08-07 18:12:47', '监控', '2085174');
insert into videos values ('98712', '2023-04-01 00:51:56', '2023-04-01 08:02:51', '监控', '8712011');
insert into videos values ('77962', '2023-02-28 22:03:07', '2023-03-01 13:35:16', '监控', '6916120');
insert into videos values ('65695', '2022-10-24 20:08:46', '2022-10-25 12:31:40', '审讯', '9231816');
insert into videos values ('71553', '2023-06-15 05:52:29', '2023-06-15 20:58:13', '调查', '0956317');
insert into videos values ('51960', '2023-06-05 04:04:28', '2023-06-05 21:24:13', '调查', '8988132');
insert into videos values ('71010', '2022-12-04 04:48:16', '2022-12-04 05:23:15', '调查', '5480803');
insert into videos values ('13053', '2023-02-06 01:36:34', '2023-02-06 16:21:16', '审讯', '1301569');
insert into videos values ('56770', '2023-02-18 10:09:27', '2023-02-19 09:14:22', '调查', '0763368');
insert into videos values ('54808', '2023-01-17 11:38:45', '2023-01-17 17:07:58', '监控', '6586238');
insert into videos values ('87616', '2023-03-16 18:52:20', '2023-03-17 00:25:03', '监控', '3468353');
insert into videos values ('88835', '2023-06-27 22:29:48', '2023-06-28 03:25:07', '监控', '0843435');
insert into videos values ('59878', '2023-01-11 05:40:42', '2023-01-11 22:06:34', '审讯', '5646145');
insert into videos values ('26348', '2022-10-11 22:02:03', '2022-10-12 01:16:32', '审讯', '9188716');
insert into videos values ('75050', '2023-02-09 20:50:14', '2023-02-10 04:17:40', '调查', '9191690');
insert into videos values ('19944', '2023-03-15 12:17:14', '2023-03-15 21:53:08', '监控', '2472505');
insert into videos values ('36814', '2022-11-04 09:37:28', '2022-11-04 19:50:37', '调查', '3997757');
insert into videos values ('73235', '2023-01-16 19:46:36', '2023-01-17 10:10:24', '审讯', '1858441');
insert into videos values ('66339', '2022-08-03 09:37:32', '2022-08-04 01:24:18', '调查', '1805152');
insert into videos values ('11057', '2022-12-30 00:38:10', '2022-12-30 14:24:53', '监控', '9798491');
insert into videos values ('59960', '2023-06-06 13:54:19', '2023-06-06 14:11:33', '调查', '4902936');
insert into videos values ('22476', '2022-11-20 08:04:51', '2022-11-21 02:45:51', '监控', '2043805');
insert into videos values ('80494', '2022-07-09 21:48:50', '2022-07-10 16:20:00', '监控', '5028143');
insert into videos values ('43727', '2022-10-02 02:45:49', '2022-10-02 17:06:01', '审讯', '8137263');
insert into videos values ('61623', '2023-06-20 09:35:34', '2023-06-20 16:48:03', '调查', '3803833');
insert into videos values ('41724', '2022-09-17 21:18:02', '2022-09-18 12:53:01', '调查', '1284452');
insert into videos values ('25325', '2022-11-22 05:22:48', '2022-11-22 05:58:06', '监控', '8994554');
insert into videos values ('65714', '2023-03-14 04:37:37', '2023-03-14 17:59:53', '监控', '4321440');
insert into videos values ('14146', '2022-07-14 13:26:03', '2022-07-14 17:13:45', '审讯', '1470369');
insert into videos values ('30434', '2022-10-13 20:41:26', '2022-10-14 19:20:25', '审讯', '4576138');
insert into videos values ('23716', '2023-03-27 09:16:51', '2023-03-27 18:20:44', '调查', '1623668');
insert into videos values ('31619', '2023-01-07 00:39:04', '2023-01-08 00:17:17', '审讯', '0348712');
insert into videos values ('55085', '2023-04-13 06:44:57', '2023-04-14 02:03:04', '监控', '1438801');
insert into videos values ('88456', '2022-11-04 17:49:02', '2022-11-04 18:14:58', '监控', '3092810');
insert into videos values ('73060', '2023-04-27 05:23:12', '2023-04-28 02:49:39', '调查', '5136351');
insert into videos values ('44620', '2022-12-10 23:22:03', '2022-12-11 04:49:35', '调查', '3033645');
insert into videos values ('94813', '2022-09-07 14:48:56', '2022-09-07 20:49:21', '调查', '8018716');
insert into videos values ('80720', '2022-10-21 10:00:48', '2022-10-22 08:23:24', '审讯', '3304501');
insert into videos values ('82630', '2023-04-29 21:13:30', '2023-04-30 04:39:04', '调查', '0161021');
insert into videos values ('87925', '2022-10-06 02:43:36', '2022-10-06 22:41:46', '审讯', '3439263');
insert into videos values ('10412', '2022-11-02 12:06:51', '2022-11-02 21:24:10', '调查', '0898633');
insert into videos values ('74053', '2023-02-02 18:09:20', '2023-02-03 11:32:48', '审讯', '1583769');
insert into videos values ('98092', '2023-01-29 11:32:34', '2023-01-30 11:20:55', '调查', '4573105');
insert into videos values ('28081', '2023-03-11 12:06:23', '2023-03-12 05:58:43', '监控', '0686624');
insert into videos values ('88181', '2023-02-22 09:58:25', '2023-02-22 12:29:24', '审讯', '5376568');
insert into videos values ('31916', '2023-02-08 21:42:24', '2023-02-09 07:47:50', '调查', '1421730');
insert into videos values ('51125', '2022-08-28 13:56:09', '2022-08-29 09:56:33', '调查', '1647197');
insert into videos values ('87017', '2023-02-18 14:04:33', '2023-02-19 04:34:10', '监控', '7098247');
insert into videos values ('80749', '2023-02-21 08:19:20', '2023-02-21 20:04:33', '监控', '0549338');
insert into videos values ('40648', '2022-09-15 07:24:32', '2022-09-15 08:45:06', '审讯', '4368909');
insert into videos values ('53787', '2022-10-17 01:33:08', '2022-10-18 00:10:53', '审讯', '4279251');
insert into videos values ('73320', '2023-06-11 17:11:00', '2023-06-12 14:16:05', '调查', '4566800');
insert into videos values ('43216', '2022-07-21 09:33:49', '2022-07-22 06:26:27', '调查', '6898871');
insert into videos values ('45427', '2022-07-21 18:37:27', '2022-07-22 08:26:10', '审讯', '1227442');
insert into videos values ('93567', '2022-11-13 10:20:12', '2022-11-13 14:22:55', '审讯', '5230056');
insert into videos values ('77513', '2022-11-10 20:18:28', '2022-11-11 16:52:13', '调查', '5498276');
insert into videos values ('93247', '2023-03-02 09:47:04', '2023-03-02 14:31:01', '审讯', '6361422');
insert into videos values ('80146', '2023-06-07 04:46:50', '2023-06-07 16:50:05', '监控', '2779294');
insert into videos values ('19157', '2022-11-09 02:39:03', '2022-11-09 16:50:03', '调查', '5669953');
insert into videos values ('13385', '2023-05-09 23:09:40', '2023-05-10 15:34:31', '调查', '5397878');
insert into videos values ('85307', '2022-12-24 23:46:23', '2022-12-25 11:32:54', '监控', '8944220');
insert into videos values ('38921', '2022-08-01 17:54:04', '2022-08-01 19:37:30', '监控', '7009857');
insert into videos values ('50286', '2022-11-07 20:17:55', '2022-11-07 20:19:06', '审讯', '0767880');
insert into videos values ('17865', '2022-09-01 17:11:26', '2022-09-01 23:45:31', '审讯', '6768733');
insert into videos values ('62963', '2022-10-10 13:16:12', '2022-10-11 07:20:28', '审讯', '9524112');
insert into videos values ('56417', '2022-11-30 19:14:37', '2022-11-30 22:50:53', '监控', '0915966');
insert into videos values ('37977', '2022-08-01 22:23:05', '2022-08-02 03:58:43', '审讯', '8942350');
insert into videos values ('59170', '2023-02-13 06:07:03', '2023-02-14 03:16:05', '调查', '0673800');
insert into videos values ('82320', '2022-07-11 03:30:52', '2022-07-12 02:48:16', '监控', '3074505');
insert into videos values ('92114', '2023-01-09 15:48:24', '2023-01-10 15:34:22', '调查', '8761423');


--第二次
-- policemen新增薪水
ALTER TABLE policemen ADD (salary VARCHAR2(6) DEFAULT '5000' NOT NULL);

-- 新建表police_account
CREATE TABLE police_account (
    police_number VARCHAR(20) PRIMARY KEY, 
    police_key VARCHAR(20),
    FOREIGN KEY (police_number) REFERENCES policemen(police_number)
);

-- 将数据从旧表插入新表
INSERT INTO police_account (police_number, police_key)
SELECT police_number, police_key
FROM policemen;

-- 删除policemen中密码
ALTER TABLE policemen
DROP COLUMN police_key;

-- account新增权限
ALTER TABLE police_account ADD authority INT DEFAULT 0;

-- 根据职位修改权限
UPDATE police_account
SET authority =
    CASE
        WHEN EXISTS (
            SELECT 1
            FROM policemen
            WHERE policemen.police_number = police_account.police_number
            AND (policemen.status = '离职' OR policemen.position = '学员')
        ) THEN 0
        WHEN EXISTS (
            SELECT 1
            FROM policemen
            WHERE policemen.police_number = police_account.police_number
            AND policemen.position = '警员'
        ) THEN 1
        WHEN EXISTS (
            SELECT 1
            FROM policemen
            WHERE policemen.police_number = police_account.police_number
            AND policemen.position = '警司'
        ) THEN 2
        WHEN EXISTS (
            SELECT 1
            FROM policemen
            WHERE policemen.police_number = police_account.police_number
            AND policemen.position = '警督'
        ) THEN 3
        WHEN EXISTS (
            SELECT 1
            FROM policemen
            WHERE policemen.police_number = police_account.police_number
            AND policemen.position = '警监'
        ) THEN 4
        WHEN EXISTS (
            SELECT 1
            FROM policemen
            WHERE policemen.police_number = police_account.police_number
            AND policemen.position = '总警监'
        ) THEN 5
    END;

--第三次
--将salary从policemen转到employ中--
ALTER TABLE policemen
DROP COLUMN salary;

ALTER TABLE employ
ADD  salary varchar(20) DEFAULT '5000';

--新建工资条属性，包含流水号、接受人警号、姓名、发放警局、发薪日、基本工资、补贴--
CREATE TABLE payroll_stub (
  payroll_number VARCHAR(20) PRIMARY KEY,
  police_number VARCHAR(20),
  police_name VARCHAR(20),
  STATION_ID VARCHAR(20), 
  pay_day DATE,
  salary VARCHAR(6),
  subsidy VARCHAR(6),
  FOREIGN KEY (STATION_ID) REFERENCES police_station(STATION_ID),
  FOREIGN KEY (police_number) REFERENCES policemen(police_number)
);
-- 将数据从旧表插入新表

INSERT INTO payroll_stub (payroll_number, police_number, police_name, station_ID, pay_day,salary,subsidy)VALUES(1, '3889043', '李秀英', '130101005', '1-1月 -23','5000','100');
INSERT INTO payroll_stub  (payroll_number, police_number, police_name, station_ID, pay_day,salary,subsidy) VALUES(2, '3889043', '李秀英', '130101005', '1-2月 -98','5000','100');
INSERT INTO payroll_stub  (payroll_number, police_number, police_name, station_ID, pay_day,salary,subsidy) VALUES(3, '9836582', '张伟', '120102004', '1-6月 -23','5000','100');
INSERT INTO payroll_stub  (payroll_number, police_number, police_name, station_ID, pay_day,salary,subsidy) VALUES(4, '9836582', '张伟', '120102004', '21-7月 -08','5000','100');
INSERT INTO payroll_stub  (payroll_number, police_number, police_name, station_ID, pay_day,salary,subsidy) VALUES(5, '1691715', '刘娜', '110102002', '05-3月 -23','5000','100');
INSERT INTO payroll_stub  (payroll_number, police_number, police_name, station_ID, pay_day,salary,subsidy) VALUES(6, '1691715', '刘娜', '110102002', '29-4月 -03','5000','100');
INSERT INTO payroll_stub  (payroll_number, police_number, police_name, station_ID, pay_day,salary,subsidy) VALUES(7, '0975704', '陈敏', '110101001', '18-8月 -22','5000','100');
INSERT INTO payroll_stub  (payroll_number, police_number, police_name, station_ID, pay_day,salary,subsidy) VALUES(8, '0975704', '陈敏', '110101001', '03-10月-02','5000','100');
INSERT INTO payroll_stub  (payroll_number, police_number, police_name, station_ID, pay_day,salary,subsidy) VALUES(9, '0715805', '刘洋', '320101006', '1-7月 -22','5000','100');
INSERT INTO payroll_stub  (payroll_number, police_number, police_name, station_ID, pay_day,salary,subsidy) VALUES(10, '0715805', '刘洋', '320101006', '13-8月 -12','5000','100');
INSERT INTO payroll_stub  (payroll_number, police_number, police_name, station_ID, pay_day,salary,subsidy) VALUES(11, '4264114', '王艳', '440102007', '1-11月-22','5000','100');
INSERT INTO payroll_stub  (payroll_number, police_number, police_name, station_ID, pay_day,salary,subsidy) VALUES(12, '4264114', '王艳', '440102007', '29-5月 -10','5000','100');
INSERT INTO payroll_stub  (payroll_number, police_number, police_name, station_ID, pay_day,salary,subsidy) VALUES(13, '8837988', '张静', '510101008', '21-2月 -23','5000','100');
INSERT INTO payroll_stub  (payroll_number, police_number, police_name, station_ID, pay_day,salary,subsidy) VALUES(14, '8837988', '张静', '510101008', '17-12月-90','5000','100');
INSERT INTO payroll_stub  (payroll_number, police_number, police_name, station_ID, pay_day,salary,subsidy) VALUES(15, '6827713', '李勇', '320102009', '17-4月 -23','5000','100');
INSERT INTO payroll_stub  (payroll_number, police_number, police_name, station_ID, pay_day,salary,subsidy) VALUES(16, '6827713', '李勇', '320102009', '23-2月 -01','5000','100');
INSERT INTO payroll_stub  (payroll_number, police_number, police_name, station_ID, pay_day,salary,subsidy) VALUES(17, '4348435', '刘杰', '330101010', '23-9月 -22','5000','100');
INSERT INTO payroll_stub  (payroll_number, police_number, police_name, station_ID, pay_day,salary,subsidy) VALUES(18, '4348435', '刘杰', '330101010', '14-6月 -06','5000','100');
INSERT INTO payroll_stub  (payroll_number, police_number, police_name, station_ID, pay_day,salary,subsidy) VALUES(19, '9234086', '刘燕', '610101011', '08-5月 -23','5000','100');
INSERT INTO payroll_stub  (payroll_number, police_number, police_name, station_ID, pay_day,salary,subsidy) VALUES(20, '9234086', '刘燕', '610101011', '27-3月 -95','5000','100');
INSERT INTO payroll_stub  (payroll_number, police_number, police_name, station_ID, pay_day,salary,subsidy) VALUES(21, '8268264', '张敏', '330102012', '08-12月-22','5000','100');
INSERT INTO payroll_stub  (payroll_number, police_number, police_name, station_ID, pay_day,salary,subsidy) VALUES(22, '8268264', '张敏', '330102012', '30-9月 -02','5000','100');
INSERT INTO payroll_stub  (payroll_number, police_number, police_name, station_ID, pay_day,salary,subsidy) VALUES(23, '9173384', '王勇', '440101013', '01-7月 -23','5000','100');
INSERT INTO payroll_stub  (payroll_number, police_number, police_name, station_ID, pay_day,salary,subsidy) VALUES(24, '9173384', '王勇', '440101013', '08-5月 -91','5000','100');

INSERT INTO payroll_stub  (payroll_number, police_number, police_name, station_ID, pay_day,salary,subsidy) VALUES(25, '5218977', '刘婷', '330103015', '03-1月 -23','5000','100');
INSERT INTO payroll_stub  (payroll_number, police_number, police_name, station_ID, pay_day,salary,subsidy) VALUES(26, '5218977', '刘婷', '330103015', '02-4月 -96','5000','100');
INSERT INTO payroll_stub  (payroll_number, police_number, police_name, station_ID, pay_day,salary,subsidy) VALUES(27, '7614546', '王静', '440103016', '06-2月 -23','5000','100');
INSERT INTO payroll_stub  (payroll_number, police_number, police_name, station_ID, pay_day,salary,subsidy) VALUES(28, '7614546', '王静', '440103016', '21-8月 -98','5000','100');
INSERT INTO payroll_stub  (payroll_number, police_number, police_name, station_ID, pay_day,salary,subsidy) VALUES(29, '4789420', '张瑶', '510102017', '19-5月 -23','5000','100');
INSERT INTO payroll_stub  (payroll_number, police_number, police_name, station_ID, pay_day,salary,subsidy) VALUES(30, '4789420', '张瑶', '510102017', '10-6月 -86','5000','100');
INSERT INTO payroll_stub  (payroll_number, police_number, police_name, station_ID, pay_day,salary,subsidy) VALUES(31, '4693712', '赵军', '610102018', '27-3月 -23','5000','100');
INSERT INTO payroll_stub  (payroll_number, police_number, police_name, station_ID, pay_day,salary,subsidy) VALUES(32, '4693712', '赵军', '610102018', '25-10月-93','5000','100');
INSERT INTO payroll_stub  (payroll_number, police_number, police_name, station_ID, pay_day,salary,subsidy) VALUES(33, '2085174', '张伟', '440105026', '29-6月 -23','5000','100');
INSERT INTO payroll_stub  (payroll_number, police_number, police_name, station_ID, pay_day,salary,subsidy) VALUES(34, '8712011', '李敏', '130101005', '11-9月 -95','5000','100');
INSERT INTO payroll_stub  (payroll_number, police_number, police_name, station_ID, pay_day,salary,subsidy) VALUES(35, '6916120', '刘静', '330102012', '19-10月-22','5000','100');
INSERT INTO payroll_stub  (payroll_number, police_number, police_name, station_ID, pay_day,salary,subsidy) VALUES(36, '6916120', '刘静', '120102004', '03-4月 -98','5000','100');
INSERT INTO payroll_stub  (payroll_number, police_number, police_name, station_ID, pay_day,salary,subsidy) VALUES(37, '9231816', '陈勇', '110102002', '14-2月 -23','5000','100');
INSERT INTO payroll_stub  (payroll_number, police_number, police_name, station_ID, pay_day,salary,subsidy) VALUES(38, '9231816', '陈勇', '110102002', '19-5月 -04','5000','100');
INSERT INTO payroll_stub  (payroll_number, police_number, police_name, station_ID, pay_day,salary,subsidy) VALUES(39, '0956317', '王霞', '440101013', '17-6月 -23','5000','100');
INSERT INTO payroll_stub  (payroll_number, police_number, police_name, station_ID, pay_day,salary,subsidy) VALUES(40, '0956317', '王霞', '110101001', '30-10月-01','5000','100');
INSERT INTO payroll_stub  (payroll_number, police_number, police_name, station_ID, pay_day,salary,subsidy) VALUES(41, '8988132', '刘平', '320103014', '16-7月 -22','5000','100');
INSERT INTO payroll_stub  (payroll_number, police_number, police_name, station_ID, pay_day,salary,subsidy) VALUES(42, '5480803', '杨丽', '330105021', '04-9月 -22','5000','100');
INSERT INTO payroll_stub  (payroll_number, police_number, police_name, station_ID, pay_day,salary,subsidy) VALUES(43, '1301569', '张勇', '610104028', '18-1月 -23','5000','100');
INSERT INTO payroll_stub  (payroll_number, police_number, police_name, station_ID, pay_day,salary,subsidy) VALUES(44, '0763368', '陈娟', '320104019', '30-5月 -23','5000','100');
INSERT INTO payroll_stub  (payroll_number, police_number, police_name, station_ID, pay_day,salary,subsidy) VALUES(45, '6586238', '张伟', '330104020', '11-12月-22','5000','100');

INSERT INTO payroll_stub  (payroll_number, police_number, police_name, station_ID, pay_day,salary,subsidy) VALUES(46, '3468353', '李敏', '440103016', '03-7月 -23','5000','100');
INSERT INTO payroll_stub  (payroll_number, police_number, police_name, station_ID, pay_day,salary,subsidy) VALUES(47, '0843435', '刘静', '510101008', '23-7月 -22','5000','100');
INSERT INTO payroll_stub  (payroll_number, police_number, police_name, station_ID, pay_day,salary,subsidy) VALUES(48, '8734165', '陈洁', '320104019', '03-10月-22','5000','100');
INSERT INTO payroll_stub  (payroll_number, police_number, police_name, station_ID, pay_day,salary,subsidy) VALUES(49, '8734165', '陈洁', '320104019', '22-9月 -87','5000','100');
INSERT INTO payroll_stub  (payroll_number, police_number, police_name, station_ID, pay_day,salary,subsidy) VALUES(50, '0664786', '张勇', '330104020', '08-4月 -23','5000','100');
INSERT INTO payroll_stub  (payroll_number, police_number, police_name, station_ID, pay_day,salary,subsidy) VALUES(51, '0664786', '张勇', '330104020', '15-1月 -90','5000','100');
INSERT INTO payroll_stub  (payroll_number, police_number, police_name, station_ID, pay_day,salary,subsidy) VALUES(52, '9884669', '李丽', '330105021', '15-6月 -23','5000','100');
INSERT INTO payroll_stub  (payroll_number, police_number, police_name, station_ID, pay_day,salary,subsidy) VALUES(53, '9884669', '李丽', '330105021', '18-11月-01','5000','100');
INSERT INTO payroll_stub  (payroll_number, police_number, police_name, station_ID, pay_day,salary,subsidy) VALUES(54, '7104084', '王勇', '440104022', '14-7月 -22','5000','100');
INSERT INTO payroll_stub  (payroll_number, police_number, police_name, station_ID, pay_day,salary,subsidy) VALUES(55, '7104084', '王勇', '440104022', '05-7月 -04','5000','100');
INSERT INTO payroll_stub  (payroll_number, police_number, police_name, station_ID, pay_day,salary,subsidy) VALUES(56, '3242355', '陈娟', '510103023', '08-9月 -22','5000','100');

INSERT INTO payroll_stub  (payroll_number, police_number, police_name, station_ID, pay_day,salary,subsidy) VALUES(57, '3242355', '陈娟', '510103023', '08-3月 -99','5000','100');
INSERT INTO payroll_stub  (payroll_number, police_number, police_name, station_ID, pay_day,salary,subsidy) VALUES(58, '2402834', '张伟', '610103024', '20-7月 -22','5000','100');
INSERT INTO payroll_stub  (payroll_number, police_number, police_name, station_ID, pay_day,salary,subsidy) VALUES(59, '2402834', '张伟', '610103024', '19-5月 -94','5000','100');
INSERT INTO payroll_stub  (payroll_number, police_number, police_name, station_ID, pay_day,salary,subsidy) VALUES(60, '5639807', '李敏', '320105025', '31-1月 -23','5000','100');
INSERT INTO payroll_stub  (payroll_number, police_number, police_name, station_ID, pay_day,salary,subsidy) VALUES(61, '5639807', '李敏', '320105025', '28-4月 -85','5000','100');
INSERT INTO payroll_stub  (payroll_number, police_number, police_name, station_ID, pay_day,salary,subsidy) VALUES(62, '8167027', '刘静', '440105026', '25-2月 -23','5000','100');

INSERT INTO payroll_stub  (payroll_number, police_number, police_name, station_ID, pay_day,salary,subsidy) VALUES(63, '8167027', '刘静', '440105026', '13-10月-01','5000','100');
INSERT INTO payroll_stub  (payroll_number, police_number, police_name, station_ID, pay_day,salary,subsidy) VALUES(64, '7233141', '陈勇', '510104027', '05-6月 -23','5000','100');
INSERT INTO payroll_stub  (payroll_number, police_number, police_name, station_ID, pay_day,salary,subsidy) VALUES(65, '7233141', '陈勇', '510104027', '16-6月 -03','5000','100');
INSERT INTO payroll_stub  (payroll_number, police_number, police_name, station_ID, pay_day,salary,subsidy) VALUES(66, '7003217', '张勇', '320106029', '28-8月 -22','5000','100');
INSERT INTO payroll_stub  (payroll_number, police_number, police_name, station_ID, pay_day,salary,subsidy) VALUES(67, '7003217', '张勇', '320106029', '02-7月 -88','5000','100');
INSERT INTO payroll_stub  (payroll_number, police_number, police_name, station_ID, pay_day,salary,subsidy) VALUES(68, '1313149', '陈娟', '330106030', '25-5月 -23','5000','100');
INSERT INTO payroll_stub  (payroll_number, police_number, police_name, station_ID, pay_day,salary,subsidy) VALUES(69, '1313149', '陈娟', '330106030', '23-2月 -99','5000','100');

--第四次
-- 向case里增加新案，以产生多次犯罪的人

-- T0781843 '盗窃' '结案' 582901193501086976 2022-11-05 上海市 1
INSERT INTO cases VALUES('T0162849', '盗窃', '结案', TO_DATE('2021-01-10', 'yyyy-MM-dd'), '上海市普陀区人民南路', '1');
INSERT INTO related VALUES('T0162849', '505584192605052714', '受害人');
INSERT INTO related VALUES('T0162849', '506190199103116240', '嫌疑人');
INSERT INTO related VALUES('T0162849', '582901193501086976', '犯人');

-- T0781843 '盗窃' '结案' 582901193501086976 2022-11-05 上海市 1 （同上）
INSERT INTO cases VALUES('T0252844', '盗窃', '结案', TO_DATE('2021-12-08', 'yyyy-MM-dd'), '上海市闵行区湖南路', '1');
INSERT INTO related VALUES('T0252844', '507330197306204965', '受害人');
INSERT INTO related VALUES('T0252844', '510244195906294116', '嫌疑人');
INSERT INTO related VALUES('T0252844', '582901193501086976', '犯人');

-- T4984695 '盗窃' '立案' 380738194610142532 2018-06-15 上海市嘉定区曹安公路 1
INSERT INTO cases VALUES('T1352844', '盗窃', '结案', TO_DATE('2017-01-08', 'yyyy-MM-dd'), '上海市松江区人民东路', '1');
INSERT INTO related VALUES('T1352844', '518797198207053691', '受害人');
INSERT INTO related VALUES('T1352844', '522518194707225691', '嫌疑人');
INSERT INTO related VALUES('T1352844', '380738194610142532', '犯人');

-- T5574680 '盗窃' '调查' 469984192502016621 2023-06-20 北京市 0
INSERT INTO cases VALUES('T2357890', '盗窃', '结案', TO_DATE('2020-12-08', 'yyyy-MM-dd'), '北京市朝阳区三里屯', '1');
INSERT INTO related VALUES('T2357890', '522560192803206835', '受害人');
INSERT INTO related VALUES('T2357890', '528250200406177953', '嫌疑人');
INSERT INTO related VALUES('T2357890', '469984192502016621', '犯人');

-- T7826188 '盗窃' '立案' 501196197202056103 2023-07-04 沈阳市 3
INSERT INTO cases VALUES('T2425345', '盗窃', '结案', TO_DATE('2020-10-18', 'yyyy-MM-dd'), '沈阳市沈河区东陵街道', '1');
INSERT INTO related VALUES('T2425345', '537781192501231204', '受害人');
INSERT INTO related VALUES('T2425345', '541468200802246652', '嫌疑人');
INSERT INTO related VALUES('T2425345', '501196197202056103', '犯人');

-- T8238499 '盗窃' '立案' 747832195705272219 2022-04-30 上海市 1
INSERT INTO cases VALUES('T2508344', '盗窃', '结案', TO_DATE('2019-06-18', 'yyyy-MM-dd'), '沈阳市铁西区昆明湖街道', '1');
INSERT INTO related VALUES('T2508344', '543503193710051316', '受害人');
INSERT INTO related VALUES('T2508344', '549033197008051974', '嫌疑人');
INSERT INTO related VALUES('T2508344', '747832195705272219', '犯人');

-- C1930043 '诈骗' '调查' 377690196705201361 2023-07-28 淄博市 2
INSERT INTO cases VALUES('C0032149', '诈骗', '结案', TO_DATE('2018-11-18', 'yyyy-MM-dd'), '淄博市博山区城东街道', '1');
INSERT INTO related VALUES('T2508344', '554216193705025837', '受害人');
INSERT INTO related VALUES('T2508344', '554404201204243522', '嫌疑人');
INSERT INTO related VALUES('C0032149', '377690196705201361', '犯人');

-- C2032435 '诈骗' '立案' 178915198304286497 2019-04-11 上海市 0
INSERT INTO cases VALUES('C0123548', '诈骗', '结案', TO_DATE('2017-03-18', 'yyyy-MM-dd'), '杭州市西湖区文一西路', '1');
INSERT INTO related VALUES('C0123548', '554501196810054360', '受害人');
INSERT INTO related VALUES('C0123548', '559055194111095854', '嫌疑人');
INSERT INTO related VALUES('C0123548', '178915198304286497', '犯人');

-- C3000178 '诈骗' '立案' 491225200811054183 2021-05-19 上海市 2
INSERT INTO cases VALUES('C0234567', '诈骗', '结案', TO_DATE('2018-07-28', 'yyyy-MM-dd'), '太原市小店区观前街', '1');
INSERT INTO related VALUES('C0234567', '564871192604116454', '受害人');
INSERT INTO related VALUES('C0234567', '566737195508224369', '嫌疑人');
INSERT INTO related VALUES('C0234567', '491225200811054183', '犯人');

-- C3163900 '诈骗' '立案' 941479197312017461 2019-01-05 上海市 2
INSERT INTO cases VALUES('C0321349', '诈骗', '结案', TO_DATE('2017-04-08', 'yyyy-MM-dd'), '深圳市福田区观前街', '1');
INSERT INTO related VALUES('C0321349', '569838202104261377', '受害人');
INSERT INTO related VALUES('C0321349', '572882201401018231', '嫌疑人');
INSERT INTO related VALUES('C0321349', '941479197312017461', '犯人');

-- C4929200 '诈骗' '结案' 308859193801316727 2022-02-08 上海市 2
INSERT INTO cases VALUES('C0435671', '诈骗', '结案', TO_DATE('2019-11-08', 'yyyy-MM-dd'), '重庆市涪陵区镇前路', '1');
INSERT INTO related VALUES('C0435671', '573661200304055753', '受害人');
INSERT INTO related VALUES('C0435671', '575176195208252643', '嫌疑人');
INSERT INTO related VALUES('C0435671', '308859193801316727', '犯人');

-- C5300736 '诈骗' '立案' 411927196307282135 2023-08-01 苏州市 3
INSERT INTO cases VALUES('C0526792', '诈骗', '结案', TO_DATE('2021-01-08', 'yyyy-MM-dd'), '南京市建邺区人民路', '1');
INSERT INTO related VALUES('C0526792', '586908198003127958', '受害人');
INSERT INTO related VALUES('C0526792', '590043194010281323', '嫌疑人');
INSERT INTO related VALUES('C0526792', '411927196307282135', '犯人');

-- R0045191 '抢劫' '调查' 744054195609086137 2020 上海市 0
INSERT INTO cases VALUES('R0001112', '抢劫', '结案', TO_DATE('2018-07-08', 'yyyy-MM-dd'), '上海市黄浦区人民路', '1');
INSERT INTO related VALUES('R0001112', '597917200606155027', '受害人');
INSERT INTO related VALUES('R0001112', '601573200605214065', '嫌疑人');
INSERT INTO related VALUES('R0001112', '744054195609086137', '犯人');

-- R2207716 '抢劫' '立案' 304606194803157521 2023 太原市 0
INSERT INTO cases VALUES('R0002318', '抢劫', '结案', TO_DATE('2020-05-08', 'yyyy-MM-dd'), '太原市杏花岭区巨轮路', '1');
INSERT INTO related VALUES('R0002318', '611782194010257743', '受害人');
INSERT INTO related VALUES('R0002318', '613160198105104335', '嫌疑人');
INSERT INTO related VALUES('R0002318', '304606194803157521', '犯人');

-- R2874839 '抢劫' '结案' 246842192407048863 2017 上海市 2
INSERT INTO cases VALUES('R0003246', '抢劫', '结案', TO_DATE('2017-01-01', 'yyyy-MM-dd'), '上海市徐汇区徐家汇路', '0');
INSERT INTO related VALUES('R0003246', '616711195210191340', '受害人');
INSERT INTO related VALUES('R0003246', '618094195003165018', '嫌疑人');
INSERT INTO related VALUES('R0003246', '246842192407048863', '犯人');

-- R4880176 '抢劫' '结案' 114330200708261768 2023 杭州市 2
INSERT INTO cases VALUES('R0004136', '抢劫', '结案', TO_DATE('2021-06-01', 'yyyy-MM-dd'), '杭州市上城区望江路', '1');
INSERT INTO related VALUES('R0004136', '621848193312049115', '受害人');
INSERT INTO related VALUES('R0004136', '626063201206029245', '嫌疑人');
INSERT INTO related VALUES('R0004136', '114330200708261768', '犯人');

-- R6676714 '抢劫' '调查' 222849197409105895 2019 上海 0
INSERT INTO cases VALUES('R0005312', '抢劫', '结案', TO_DATE('2017-03-03', 'yyyy-MM-dd'), '上海市松江区福建路', '1');
INSERT INTO related VALUES('R0005312', '630421201706299508', '受害人');
INSERT INTO related VALUES('R0005312', '634952198607039164', '嫌疑人');
INSERT INTO related VALUES('R0005312', '222849197409105895', '犯人');

-- R8234487 '抢劫' '调查' 934895193511045206 2020 上海市 1
INSERT INTO cases VALUES('R0006189', '抢劫', '结案', TO_DATE('2018-11-15', 'yyyy-MM-dd'), '上海市杨浦区桂林路', '1');
INSERT INTO related VALUES('R0006189', '636141198910234727', '受害人');
INSERT INTO related VALUES('R0006189', '636712197703077700', '嫌疑人');
INSERT INTO related VALUES('R0006189', '934895193511045206', '犯人');

-- M0541895 '谋杀' 311161200611159564 2018 上海市
INSERT INTO cases VALUES('R0007159', '抢劫', '结案', TO_DATE('2017-06-15', 'yyyy-MM-dd'), '上海市杨浦区西藏路', '1');
INSERT INTO related VALUES('R0007159', '639362199907042365', '受害人');
INSERT INTO related VALUES('R0007159', '639741201312205194', '嫌疑人');
INSERT INTO related VALUES('R0007159', '311161200611159564', '犯人');

-- M1770937 '谋杀' 650830194506156241 2023 厦门市
INSERT INTO cases VALUES('T2635438', '盗窃', '结案', TO_DATE('2020-09-18', 'yyyy-MM-dd'), '厦门市思明区中山路', '1');
INSERT INTO related VALUES('T2635438', '640244200112253669', '受害人');
INSERT INTO related VALUES('T2635438', '642849196612149664', '嫌疑人');
INSERT INTO related VALUES('T2635438', '650830194506156241', '犯人');

-- M8059689 '谋杀' 251658202204102141 2023 济南市
INSERT INTO cases VALUES('T2735724', '盗窃', '结案', TO_DATE('2021-03-18', 'yyyy-MM-dd'), '济南市历下区姚家街道', '1');
INSERT INTO related VALUES('T2735724', '643827201105169582', '受害人');
INSERT INTO related VALUES('T2735724', '645416201012139453', '嫌疑人');
INSERT INTO related VALUES('T2735724', '251658202204102141', '犯人');

-- M8938704 '谋杀' 639783196204094229 2023 长沙市
INSERT INTO cases VALUES('T2822753', '盗窃', '结案', TO_DATE('2022-03-10', 'yyyy-MM-dd'), '长沙市芙蓉区火星街道', '1');
INSERT INTO related VALUES('T2822753', '646414199812219899', '受害人');
INSERT INTO related VALUES('T2822753', '649796199502031393', '嫌疑人');
INSERT INTO related VALUES('T2822753', '639783196204094229', '犯人');

-- H5605121 '故意伤害'	538283201308108680 2023 上海
INSERT INTO cases VALUES('C0664662', '诈骗', '结案', TO_DATE('2017-12-09', 'yyyy-MM-dd'), '广州市番禺区市桥街道', '1');
INSERT INTO related VALUES('C0664662', '650136192707299002', '受害人');
INSERT INTO related VALUES('C0664662', '650690196612227267', '嫌疑人');
INSERT INTO related VALUES('C0664662', '538283201308108680', '犯人');

-- H6064093	'故意伤害'	495652193711165049 2023 北京
INSERT INTO cases VALUES('R0007734', '抢劫', '结案', TO_DATE('2018-11-15', 'yyyy-MM-dd'), '北京市石景山区建成路', '1');
INSERT INTO related VALUES('R0007734', '669465195107032370', '受害人');
INSERT INTO related VALUES('R0007734', '676473197203015119', '嫌疑人');
INSERT INTO related VALUES('R0007734', '495652193711165049', '犯人');


-- H9136237	'故意伤害'	140201201608296968 2019 上海
INSERT INTO cases VALUES('C0731768', '诈骗', '结案', TO_DATE('2018-02-09', 'yyyy-MM-dd'), '郑州市二七区建设东路', '1');
INSERT INTO related VALUES('C0731768', '652597193509281923', '受害人');
INSERT INTO related VALUES('C0731768', '666221192807206845', '嫌疑人');
INSERT INTO related VALUES('C0731768', '140201201608296968', '犯人');

-- H9420379	'故意伤害'	584985193804098397 2023 深圳
INSERT INTO cases VALUES('R0008934', '抢劫', '结案', TO_DATE('2018-11-15', 'yyyy-MM-dd'), '深圳市福田区中山路', '1');
INSERT INTO related VALUES('R0008934', '676959194402072375', '受害人');
INSERT INTO related VALUES('R0008934', '683523193108153551', '嫌疑人');
INSERT INTO related VALUES('R0008934', '584985193804098397', '犯人');

-- A1457509	208764197909107517 2023 武汉
INSERT INTO cases VALUES('C0838332', '诈骗', '结案', TO_DATE('2017-02-09', 'yyyy-MM-dd'), '武汉市江汉区塔子湖路', '1');
INSERT INTO related VALUES('C0838332', '685621194407311366', '受害人');
INSERT INTO related VALUES('C0838332', '687270193008061039', '嫌疑人');
INSERT INTO related VALUES('C0838332', '208764197909107517', '犯人');


-- A4201106	232004202204035757 2023 成都
INSERT INTO cases VALUES('C0997342', '诈骗', '结案', TO_DATE('2020-04-09', 'yyyy-MM-dd'), '成都市锦江区成龙路', '1');
INSERT INTO related VALUES('C0997342', '691436201812034634', '受害人');
INSERT INTO related VALUES('C0997342', '695754192309274318', '嫌疑人');
INSERT INTO related VALUES('C0997342', '232004202204035757', '犯人');


-- A4833439	778354199106074263 2023 重庆
INSERT INTO cases VALUES('T2899759', '盗窃', '结案', TO_DATE('2019-04-10', 'yyyy-MM-dd'), '重庆市万州区陈家坝路', '1');
INSERT INTO related VALUES('T2899759', '698405202009214821', '受害人');
INSERT INTO related VALUES('T2899759', '699320199803279250', '嫌疑人');
INSERT INTO related VALUES('T2899759', '778354199106074263', '犯人');


-- A5619776	354788196904252420 2023 郑州
INSERT INTO cases VALUES('T2925228', '盗窃', '结案', TO_DATE('2019-07-10', 'yyyy-MM-dd'), '郑州市二七区建设东路', '1');
INSERT INTO related VALUES('T2925228', '700198196610289724', '受害人');
INSERT INTO related VALUES('T2925228', '703332192408208615', '嫌疑人');
INSERT INTO related VALUES('T2925228', '354788196904252420', '犯人');


--第五次
CREATE TABLE permission_manage (
    submit_ID VARCHAR(20), 
    change_ID VARCHAR(20),
    F_level NUMBER(38,0),
    L_level NUMBER(38,0),
    status varchar(10),
    reason varchar(100),
    primary key(submit_ID,change_ID,F_level,L_level),
    FOREIGN KEY (submit_ID) REFERENCES policemen(police_number),
    FOREIGN KEY (change_ID) REFERENCES policemen(police_number)
);

INSERT INTO permission_manage VALUES('3406524','4619083','0', '3', '同意', 'string');
INSERT INTO permission_manage VALUES('3406524','2857502','0', '3', '同意', '1234');
INSERT INTO permission_manage VALUES('3406524','9380280','0', '3', '同意', '1234');
INSERT INTO permission_manage VALUES('6982809','6982809','0', '3', '待处理', 'string');
INSERT INTO permission_manage VALUES('3406524','7158712','0', '2', '同意', '2');
INSERT INTO permission_manage VALUES('3406524','9726541','1', '4', '拒绝', 'test1');
INSERT INTO permission_manage VALUES('9726541','7369904','0', '2', '待处理', 'test3');
INSERT INTO permission_manage VALUES('3406524','3406524','1', '0', '拒绝', 'test2');
INSERT INTO permission_manage VALUES('3406524','5409231','0', '3', '待处理', 'string');

--第六次
ALTER TABLE PAYROLL_STUB
ADD DESCRIPTION VARCHAR2(255 BYTE);

ALTER TABLE PAYROLL_STUB
ADD ISSUE_ID VARCHAR2(20 BYTE);

ALTER TABLE PAYROLL_STUB
ADD ISSUE_NAME VARCHAR2(20 BYTE);

UPDATE PAYROLL_STUB
SET ISSUE_ID = CASE
  WHEN PAYROLL_NUMBER <= 20 THEN '1109272'
  ELSE '4619083'
  END,
  ISSUE_NAME = CASE
  WHEN PAYROLL_NUMBER <= 20 THEN '黄燕'
  ELSE '黄周军'
  END,
  DESCRIPTION = '正常发放';

ALTER TABLE PAYROLL_STUB
ADD CONSTRAINT FK_ISSUE_POLICE
FOREIGN KEY (ISSUE_ID) REFERENCES POLICEMEN(POLICE_NUMBER);

--第七次
insert into calls  values ('1465836', TO_DATE('2022-09-24 22:17:03', 'yyyy-MM-dd hh24:mi:ss'), '13118515933', 'T1606425', '9836582');
insert into calls  values ('2213920', TO_DATE('2023-03-01 16:34:26', 'yyyy-MM-dd hh24:mi:ss'), '13446939264', 'T1606425', '1691715');
insert into calls  values ('4279595', TO_DATE('2023-03-02 15:01:36', 'yyyy-MM-dd hh24:mi:ss'), '18616639607', 'R4177324', '0975704');
insert into calls  values ('7042127', TO_DATE('2023-06-28 22:46:19', 'yyyy-MM-dd hh24:mi:ss'), '18151936005', 'R4177324', '0715805');
insert into calls  values ('9197823', TO_DATE('2022-11-03 04:56:27', 'yyyy-MM-dd hh24:mi:ss'), '13479130524', 'H5605121', '4264114');
insert into calls  values ('2917944', TO_DATE('2023-05-26 11:44:40', 'yyyy-MM-dd hh24:mi:ss'), '17384781059', 'H5605121', '8837988');
insert into calls  values ('9095594', TO_DATE('2023-01-28 01:25:51', 'yyyy-MM-dd hh24:mi:ss'), '17998793070', 'T5574680', '6827713');
insert into calls  values ('6902066', TO_DATE('2022-07-18 06:23:07', 'yyyy-MM-dd hh24:mi:ss'), '13807437223', 'T5574680', '4348435');
insert into calls  values ('6809601', TO_DATE('2023-04-27 12:24:59', 'yyyy-MM-dd hh24:mi:ss'), '15406948757', 'M6026492', '9234086');
insert into calls  values ('1490883', TO_DATE('2022-09-13 10:53:36', 'yyyy-MM-dd hh24:mi:ss'), '18574514308', 'M6026492', '8268264');
insert into calls  values ('5308917', TO_DATE('2023-06-05 20:29:27', 'yyyy-MM-dd hh24:mi:ss'), '15820401037', 'H9420379', '9173384');
-- insert into calls  values ('2881133', TO_DATE('2023-04-08 07:51:57', 'yyyy-MM-dd hh24:mi:ss'), '17140927723', 'H9420379', '7150329');
insert into calls  values ('5757604', TO_DATE('2022-12-15 20:35:20', 'yyyy-MM-dd hh24:mi:ss'), '17573850926', 'A4201106', '5218977');
insert into calls  values ('3423290', TO_DATE('2022-11-17 05:44:33', 'yyyy-MM-dd hh24:mi:ss'), '17114435516', 'A4201106', '7614546');
insert into calls  values ('9147297', TO_DATE('2023-03-24 11:54:52', 'yyyy-MM-dd hh24:mi:ss'), '15433465869', 'M6530633', '4789420');
insert into calls  values ('5850792', TO_DATE('2023-04-30 06:19:06', 'yyyy-MM-dd hh24:mi:ss'), '18317394092', 'M6530633', '4693712');
insert into calls  values ('2955244', TO_DATE('2023-04-21 05:42:08', 'yyyy-MM-dd hh24:mi:ss'), '15935222973', 'R7438302', '8734165');
insert into calls  values ('6269527', TO_DATE('2023-06-28 08:38:31', 'yyyy-MM-dd hh24:mi:ss'), '13627027039', 'R7438302', '0664786');
insert into calls  values ('4055817', TO_DATE('2023-01-06 03:00:13', 'yyyy-MM-dd hh24:mi:ss'), '18707105051', 'A4833439', '9884669');
insert into calls  values ('2777213', TO_DATE('2023-03-19 00:16:53', 'yyyy-MM-dd hh24:mi:ss'), '13357817395', 'A4833439', '7104084');
insert into calls  values ('5702143', TO_DATE('2023-06-13 18:22:04', 'yyyy-MM-dd hh24:mi:ss'), '18790135354', 'M4158674', '3242355');
insert into calls  values ('9792997', TO_DATE('2022-11-26 11:09:00', 'yyyy-MM-dd hh24:mi:ss'), '18428202289', 'M4158674', '2402834');
insert into calls  values ('3990103', TO_DATE('2023-02-18 08:46:46', 'yyyy-MM-dd hh24:mi:ss'), '17813382582', 'T3109993', '5639807');
insert into calls  values ('5070619', TO_DATE('2022-09-10 20:03:20', 'yyyy-MM-dd hh24:mi:ss'), '13596095232', 'T3109993', '8167027');
insert into calls  values ('2398980', TO_DATE('2022-09-26 01:54:38', 'yyyy-MM-dd hh24:mi:ss'), '15900879631', 'T1943534', '7233141');
-- insert into calls  values ('7020606', TO_DATE('2023-03-30 03:17:18', 'yyyy-MM-dd hh24:mi:ss'), '18969762756', 'T1943534', '4712543');
insert into calls  values ('9033822', TO_DATE('2022-10-09 15:27:22', 'yyyy-MM-dd hh24:mi:ss'), '18922624990', 'A3481823', '7003217');
insert into calls  values ('5445421', TO_DATE('2023-04-09 00:19:30', 'yyyy-MM-dd hh24:mi:ss'), '15518327257', 'A3481823', '1313149');
insert into calls  values ('7706177', TO_DATE('2022-12-29 21:00:28', 'yyyy-MM-dd hh24:mi:ss'), '15155364475', 'T7826188', '2085174');
insert into calls  values ('8178810', TO_DATE('2023-03-08 17:36:04', 'yyyy-MM-dd hh24:mi:ss'), '13914902883', 'T7826188', '8712011');
insert into calls  values ('5757036', TO_DATE('2023-07-03 20:08:17', 'yyyy-MM-dd hh24:mi:ss'), '15732782181', 'C9678763', '6916120');
insert into calls  values ('6697251', TO_DATE('2022-11-14 23:17:06', 'yyyy-MM-dd hh24:mi:ss'), '18432132761', 'C9678763', '9231816');
insert into calls  values ('1635648', TO_DATE('2022-12-31 23:22:24', 'yyyy-MM-dd hh24:mi:ss'), '17188280636', 'M1770937', '0956317');
insert into calls  values ('9919328', TO_DATE('2023-02-13 11:05:14', 'yyyy-MM-dd hh24:mi:ss'), '18138023649', 'M1770937', '8988132');
insert into calls  values ('6467613', TO_DATE('2022-08-19 12:10:19', 'yyyy-MM-dd hh24:mi:ss'), '17583757694', 'H0176717', '5480803');
insert into calls  values ('5611521', TO_DATE('2023-03-11 03:30:49', 'yyyy-MM-dd hh24:mi:ss'), '13119696764', 'H0176717', '1301569');
insert into calls  values ('4740042', TO_DATE('2022-12-01 05:27:35', 'yyyy-MM-dd hh24:mi:ss'), '17339209352', 'C8522036', '0763368');
insert into calls  values ('1429097', TO_DATE('2023-03-20 19:10:45', 'yyyy-MM-dd hh24:mi:ss'), '15720018047', 'C8522036', '6586238');
insert into calls  values ('2675072', TO_DATE('2023-05-07 19:35:20', 'yyyy-MM-dd hh24:mi:ss'), '17821835174', 'A9574374', '3468353');
insert into calls  values ('2811377', TO_DATE('2023-06-27 20:09:28', 'yyyy-MM-dd hh24:mi:ss'), '18196157783', 'A9574374', '0843435');
-- insert into calls  values ('4208372', TO_DATE('2022-12-14 05:27:42', 'yyyy-MM-dd hh24:mi:ss'), '13641328864', 'R4370656', '5646145');
-- insert into calls  values ('4007345', TO_DATE('2023-02-11 02:25:22', 'yyyy-MM-dd hh24:mi:ss'), '17657003500', 'R4370656', '9188716');
-- insert into calls  values ('4532377', TO_DATE('2022-10-28 08:32:18', 'yyyy-MM-dd hh24:mi:ss'), '17363873979', 'R8412960', '9191690');
-- insert into calls  values ('9314772', TO_DATE('2022-09-21 13:35:57', 'yyyy-MM-dd hh24:mi:ss'), '15331906374', 'R8412960', '2472505');
-- insert into calls  values ('1905359', TO_DATE('2023-03-15 01:25:20', 'yyyy-MM-dd hh24:mi:ss'), '18675135140', 'R5110843', '3997757');
-- insert into calls  values ('1487030', TO_DATE('2022-07-29 07:03:12', 'yyyy-MM-dd hh24:mi:ss'), '15283720741', 'R5110843', '1858441');
-- insert into calls  values ('1682024', TO_DATE('2023-02-11 16:55:19', 'yyyy-MM-dd hh24:mi:ss'), '15605049187', 'M9968384', '1805152');
-- insert into calls  values ('9113285', TO_DATE('2023-03-18 02:03:33', 'yyyy-MM-dd hh24:mi:ss'), '17412333833', 'M9968384', '9798491');
-- insert into calls  values ('1950467', TO_DATE('2023-02-10 14:15:08', 'yyyy-MM-dd hh24:mi:ss'), '13791441602', 'C4635890', '4902936');
-- insert into calls  values ('7123979', TO_DATE('2022-09-13 22:27:10', 'yyyy-MM-dd hh24:mi:ss'), '18360023195', 'C4635890', '2043805');
-- insert into calls  values ('4233496', TO_DATE('2023-01-18 00:59:59', 'yyyy-MM-dd hh24:mi:ss'), '15416965640', 'C5003070', '5028143');
-- insert into calls  values ('3022890', TO_DATE('2023-02-26 19:03:31', 'yyyy-MM-dd hh24:mi:ss'), '13246128925', 'C5003070', '8137263');
-- insert into calls  values ('8411695', TO_DATE('2022-08-25 11:07:15', 'yyyy-MM-dd hh24:mi:ss'), '13261432670', 'H6064093', '3803833');
-- insert into calls  values ('2733960', TO_DATE('2022-07-17 16:05:06', 'yyyy-MM-dd hh24:mi:ss'), '18355308424', 'H6064093', '1284452');
-- insert into calls  values ('8696910', TO_DATE('2023-01-23 19:41:51', 'yyyy-MM-dd hh24:mi:ss'), '15933981598', 'C8977950', '8994554');
-- insert into calls  values ('7104036', TO_DATE('2022-10-28 06:46:00', 'yyyy-MM-dd hh24:mi:ss'), '13825386214', 'C8977950', '4321440');
-- insert into calls  values ('8110354', TO_DATE('2022-10-19 01:28:57', 'yyyy-MM-dd hh24:mi:ss'), '15712227739', 'M0833296', '1470369');
-- insert into calls  values ('7112233', TO_DATE('2022-11-08 05:53:33', 'yyyy-MM-dd hh24:mi:ss'), '15688713395', 'M0833296', '4576138');
-- insert into calls  values ('5408974', TO_DATE('2023-04-06 19:02:35', 'yyyy-MM-dd hh24:mi:ss'), '17852132887', 'H4857076', '1623668');
-- insert into calls  values ('4085738', TO_DATE('2022-11-14 10:39:08', 'yyyy-MM-dd hh24:mi:ss'), '18641798310', 'H4857076', '0348712');
-- insert into calls  values ('4214931', TO_DATE('2022-11-21 15:41:20', 'yyyy-MM-dd hh24:mi:ss'), '13782889285', 'R4880176', '1438801');
-- insert into calls  values ('5924725', TO_DATE('2022-12-17 16:00:40', 'yyyy-MM-dd hh24:mi:ss'), '13431811985', 'R4880176', '3092810');
-- insert into calls  values ('1110559', TO_DATE('2023-04-29 19:47:40', 'yyyy-MM-dd hh24:mi:ss'), '18545931921', 'T0754366', '5136351');
-- insert into calls  values ('4788993', TO_DATE('2022-08-19 14:37:52', 'yyyy-MM-dd hh24:mi:ss'), '15308802500', 'T0754366', '3033645');
-- insert into calls  values ('7611823', TO_DATE('2022-12-14 19:06:07', 'yyyy-MM-dd hh24:mi:ss'), '17459300519', 'M8818054', '8018716');
-- insert into calls  values ('5370839', TO_DATE('2023-01-03 04:18:02', 'yyyy-MM-dd hh24:mi:ss'), '13837349578', 'M8818054', '3304501');
-- insert into calls  values ('3510848', TO_DATE('2022-10-07 05:20:13', 'yyyy-MM-dd hh24:mi:ss'), '13405496988', 'A1457509', '0161021');
-- insert into calls  values ('2839231', TO_DATE('2023-02-25 14:49:03', 'yyyy-MM-dd hh24:mi:ss'), '13123480020', 'A1457509', '3439263');
-- insert into calls  values ('6707384', TO_DATE('2022-09-17 00:35:22', 'yyyy-MM-dd hh24:mi:ss'), '17130982792', 'C7322190', '0898633');
-- insert into calls  values ('8464579', TO_DATE('2022-10-30 15:29:44', 'yyyy-MM-dd hh24:mi:ss'), '17301591035', 'C7322190', '1583769');
-- insert into calls  values ('6098247', TO_DATE('2023-02-25 17:24:44', 'yyyy-MM-dd hh24:mi:ss'), '18551989108', 'M8938704', '4573105');
-- insert into calls  values ('8439863', TO_DATE('2022-07-06 09:28:21', 'yyyy-MM-dd hh24:mi:ss'), '15797465644', 'M8938704', '0686624');
-- insert into calls  values ('8710670', TO_DATE('2022-11-05 05:42:13', 'yyyy-MM-dd hh24:mi:ss'), '18154260529', 'M8059689', '5376568');
-- insert into calls  values ('8878635', TO_DATE('2022-07-11 03:01:14', 'yyyy-MM-dd hh24:mi:ss'), '13633449988', 'M8059689', '1421730');
-- insert into calls  values ('9625318', TO_DATE('2023-05-26 03:42:12', 'yyyy-MM-dd hh24:mi:ss'), '13612391188', 'A8959888', '1647197');
-- insert into calls  values ('9743661', TO_DATE('2022-10-04 03:45:29', 'yyyy-MM-dd hh24:mi:ss'), '13881979248', 'A8959888', '7098247');
-- insert into calls  values ('3843275', TO_DATE('2023-04-21 19:17:59', 'yyyy-MM-dd hh24:mi:ss'), '18974719337', 'C1930043', '0549338');
-- insert into calls  values ('9903505', TO_DATE('2023-02-06 21:57:32', 'yyyy-MM-dd hh24:mi:ss'), '18155996223', 'C1930043', '4368909');
-- insert into calls  values ('4696917', TO_DATE('2022-08-09 02:46:11', 'yyyy-MM-dd hh24:mi:ss'), '15202494839', 'A3006799', '4279251');
-- insert into calls  values ('3211978', TO_DATE('2022-09-04 04:00:22', 'yyyy-MM-dd hh24:mi:ss'), '13768796110', 'A3006799', '4566800');
-- insert into calls  values ('5054260', TO_DATE('2022-11-28 12:09:28', 'yyyy-MM-dd hh24:mi:ss'), '15350860864', 'R2207716', '6898871');
-- insert into calls  values ('9836422', TO_DATE('2022-08-15 10:44:18', 'yyyy-MM-dd hh24:mi:ss'), '15107168991', 'R2207716', '1227442');
-- insert into calls  values ('3557250', TO_DATE('2022-11-15 20:34:22', 'yyyy-MM-dd hh24:mi:ss'), '18635700059', 'R7882577', '5230056');
-- insert into calls  values ('4037408', TO_DATE('2023-06-22 16:50:29', 'yyyy-MM-dd hh24:mi:ss'), '17854621556', 'R7882577', '5498276');
-- insert into calls  values ('7310123', TO_DATE('2023-05-14 23:46:47', 'yyyy-MM-dd hh24:mi:ss'), '18698050331', 'C5953897', '6361422');
-- insert into calls  values ('9888952', TO_DATE('2023-03-16 07:11:50', 'yyyy-MM-dd hh24:mi:ss'), '13706848916', 'C5953897', '2779294');
-- insert into calls  values ('3585485', TO_DATE('2022-07-22 02:17:31', 'yyyy-MM-dd hh24:mi:ss'), '15604613993', 'C5300736', '5669953');
-- insert into calls  values ('5140380', TO_DATE('2023-03-26 16:30:29', 'yyyy-MM-dd hh24:mi:ss'), '17921041001', 'C5300736', '5397878');
-- insert into calls  values ('8402891', TO_DATE('2022-10-04 18:44:08', 'yyyy-MM-dd hh24:mi:ss'), '13193558739', 'H5313265', '8944220');
-- insert into calls  values ('8185495', TO_DATE('2023-01-12 11:10:12', 'yyyy-MM-dd hh24:mi:ss'), '18385229353', 'H5313265', '7009857');
-- insert into calls  values ('7006175', TO_DATE('2023-06-16 21:31:18', 'yyyy-MM-dd hh24:mi:ss'), '18329240274', 'A5619776', '0767880');
-- insert into calls  values ('2923748', TO_DATE('2022-10-21 22:44:45', 'yyyy-MM-dd hh24:mi:ss'), '15255338145', 'A5619776', '6768733');
-- insert into calls  values ('7081936', TO_DATE('2023-05-25 19:52:08', 'yyyy-MM-dd hh24:mi:ss'), '18648047666', 'T4984695', '9524112');
-- insert into calls  values ('5578380', TO_DATE('2022-09-13 09:46:36', 'yyyy-MM-dd hh24:mi:ss'), '15989538969', 'T4984695', '0915966');
-- insert into calls  values ('4569259', TO_DATE('2023-05-09 02:26:40', 'yyyy-MM-dd hh24:mi:ss'), '17832384340', 'H9136237', '8942350');
-- insert into calls  values ('7956710', TO_DATE('2023-06-23 18:28:45', 'yyyy-MM-dd hh24:mi:ss'), '15345157049', 'H9136237', '0673800');
-- insert into calls  values ('1784264', TO_DATE('2023-05-27 21:54:20', 'yyyy-MM-dd hh24:mi:ss'), '15611899534', 'T0781843', '3074505');
-- insert into calls  values ('2483553', TO_DATE('2022-12-24 04:13:04', 'yyyy-MM-dd hh24:mi:ss'), '18633041380', 'T0781843', '8761423');

--第八次
UPDATE CASES SET CASE_TYPE = '强奸' WHERE CASE_ID = 'A4782097';

--第九次
ALTER TABLE citizen ADD(address VARCHAR(60) DEFAULT '上海市嘉定区曹安公路'); 

  UPDATE citizen SET address =  '南京市玄武区中山'  WHERE ID_num = 178915198304286497;
  UPDATE citizen SET address =  '杭州市拱墅区灵隐寿'  WHERE ID_num = 685621194407311366;
  UPDATE citizen SET address =  '长沙市岳麓区望城T'  WHERE ID_num = 941313200707054169;
  UPDATE citizen SET address =  '济南市历下区趵突'  WHERE ID_num = 400143200307203685;
  UPDATE citizen SET address =  '郑州市金水区农科T'  WHERE ID_num = 934895193511045206;
  UPDATE citizen SET address =  '厦门市明区中山路'  WHERE ID_num = 599568196804089074;
  UPDATE citizen SET address =  '重庆市渝北区龙头寿'  WHERE ID_num = 770602194709013260;
  UPDATE citizen SET address =  '苏州市姑苏区观前衿'  WHERE ID_num = 914486198302037775;
  UPDATE citizen SET address =  '无锡市滨湖区太湖大道'  WHERE ID_num = 169483200108199516;
  UPDATE citizen SET address =  '天津市河西区大王庄街'  WHERE ID_num = 535677200911078003;
  UPDATE citizen SET address =  '青岛市市北区辽阳东路'  WHERE ID_num = 135894192804223589;
  UPDATE citizen SET address =  '太原市万柏林区迎泽大衿'  WHERE ID_num = 629620200509064434;
  UPDATE citizen SET address =  '青岛市市北区辽阳西路'  WHERE ID_num = 113917199108013750;
  UPDATE citizen SET address =  '天津市和平区南京T'  WHERE ID_num = 389267198708057973;
  UPDATE citizen SET address =  '苏州市姑苏区观前衿'  WHERE ID_num = 559935195104259144;
  UPDATE citizen SET address =  '无锡市滨湖区钱江北路'  WHERE ID_num = 626645201607261263;
  UPDATE citizen SET address =  '郑州市金水区农业T'  WHERE ID_num = 311161200611159564;
  UPDATE citizen SET address =  '重庆市渝北区龙头寿'  WHERE ID_num = 264566196510215478;
  UPDATE citizen SET address =  '南京市玄武区中山'  WHERE ID_num = 873669202101063291;
  UPDATE citizen SET address =  '成都市锦江区宽窄巷子'  WHERE ID_num = 672675193304162723;
  UPDATE citizen SET address =  '杭州市拱墅区灵隐寿'  WHERE ID_num = 948516200003025512;
  UPDATE citizen SET address =  '武汉市江汉区江汉T'  WHERE ID_num = 165218195405141673;
  UPDATE citizen SET address =  '西安市雁塔区大雁v'  WHERE ID_num = 614012195104092955;
  UPDATE citizen SET address =  '长沙市岳麓区麓谷企业广场'  WHERE ID_num = 882386197309079360;
  UPDATE citizen SET address =  '济南市历下区趵突'  WHERE ID_num = 690988195504132564;
  UPDATE citizen SET address =  '沈阳市大东区青年大街'  WHERE ID_num = 312382200909149098;
  UPDATE citizen SET address =  '淄博市张店区体育西路'  WHERE ID_num = 846127199408307453;
  UPDATE citizen SET address =  '厦门市明区中山路'  WHERE ID_num = 371436193010194643;
  UPDATE citizen SET address =  '太原市万柏林区五丿T'  WHERE ID_num = 200346200508034662;
  UPDATE citizen SET address =  '青岛市市南区中山T'  WHERE ID_num = 556935197401089045;
  UPDATE citizen SET address =  '天津市和平区南京T'  WHERE ID_num = 756690201601291995;
  UPDATE citizen SET address =  '苏州市姑苏区观前衿'  WHERE ID_num = 369643197008084461;
  UPDATE citizen SET address =  '无锡市滨湖区钱江北路'  WHERE ID_num = 911827201509104078;
  UPDATE citizen SET address =  '郑州市金水区农业T'  WHERE ID_num = 125297198508135216;
  UPDATE citizen SET address =  '重庆市渝北区龙头寿'  WHERE ID_num = 581610196901034455;
  UPDATE citizen SET address =  '南京市玄武区中山'  WHERE ID_num = 239619199002064985;
  UPDATE citizen SET address =  '成都市锦江区宽窄巷子'  WHERE ID_num = 941479197312017461;
  UPDATE citizen SET address =  '杭州市拱墅区灵隐寿'  WHERE ID_num = 879154195710292826;
  UPDATE citizen SET address =  '武汉市江汉区江汉T'  WHERE ID_num = 256018195304296521;
  UPDATE citizen SET address =  '西安市雁塔区大雁v'  WHERE ID_num = 493931200804199014;
  UPDATE citizen SET address =  '长沙市岳麓区麓谷企业广场'  WHERE ID_num = 170717192705131904;
  UPDATE citizen SET address =  '济南市历下区趵突'  WHERE ID_num = 754021194811043604;
  UPDATE citizen SET address =  '沈阳市大东区青年大街'  WHERE ID_num = 449253192903132915;
  UPDATE citizen SET address =  '淄博市张店区体育西路'  WHERE ID_num = 875826197803116214;
  UPDATE citizen SET address =  '厦门市明区中山路'  WHERE ID_num = 246842192407048863;
  UPDATE citizen SET address =  '太原市万柏林区五丿T'  WHERE ID_num = 325968192711047622;
  UPDATE citizen SET address =  '青岛市市南区中山T'  WHERE ID_num = 977665192804029257;
  UPDATE citizen SET address =  '天津市和平区南京T'  WHERE ID_num = 541580193605243308;
  UPDATE citizen SET address =  '苏州市姑苏区观前衿'  WHERE ID_num = 879403199411234258;
  UPDATE citizen SET address =  '无锡市滨湖区钱江北路'  WHERE ID_num = 413392201810119183;
  UPDATE citizen SET address =  '郑州市金水区农业T'  WHERE ID_num = 794487199311133777;
  UPDATE citizen SET address =  '重庆市渝北区龙头寿'  WHERE ID_num = 177250197204013269;
  UPDATE citizen SET address =  '南京市玄武区中山'  WHERE ID_num = 744054195609086137;
  UPDATE citizen SET address =  '成都市锦江区宽窄巷子'  WHERE ID_num = 914317198501313818;
  UPDATE citizen SET address =  '杭州市拱墅区灵隐寿'  WHERE ID_num = 243394198206092519;
  UPDATE citizen SET address =  '武汉市江汉区江汉T'  WHERE ID_num = 648051197605154011;
  UPDATE citizen SET address =  '西安市雁塔区大雁v'  WHERE ID_num = 141592194008065688;
  UPDATE citizen SET address =  '长沙市岳麓区麓谷企业广场'  WHERE ID_num = 744434196402057810;
  UPDATE citizen SET address =  '济南市历下区趵突'  WHERE ID_num = 851830197908077852;
  UPDATE citizen SET address =  '沈阳市大东区青年大街'  WHERE ID_num = 746733193001112430;
  UPDATE citizen SET address =  '淄博市张店区体育西路'  WHERE ID_num = 491225200811054183;
  UPDATE citizen SET address =  '厦门市明区中山路'  WHERE ID_num = 964373193505099118;
  UPDATE citizen SET address =  '太原市万柏林区五丿T'  WHERE ID_num = 110143195901205711;
  UPDATE citizen SET address =  '青岛市市南区中山T'  WHERE ID_num = 388088197308204584;
  UPDATE citizen SET address =  '天津市和平区南京T'  WHERE ID_num = 267916196504173283;
  UPDATE citizen SET address =  '苏州市姑苏区观前衿'  WHERE ID_num = 676959194402072375;
  UPDATE citizen SET address =  '无锡市滨湖区钱江北路'  WHERE ID_num = 897615199808073780;
  UPDATE citizen SET address =  '郑州市金水区农业T'  WHERE ID_num = 950324193805191322;
  UPDATE citizen SET address =  '重庆市渝北区龙头寿'  WHERE ID_num = 190803193211119003;
  UPDATE citizen SET address =  '南京市玄武区中山'  WHERE ID_num = 645416201012139453;
  UPDATE citizen SET address =  '成都市锦江区宽窄巷子'  WHERE ID_num = 625150195603203101;
  UPDATE citizen SET address =  '杭州市拱墅区灵隐寿'  WHERE ID_num = 929363200309256423;
  UPDATE citizen SET address =  '武汉市江汉区江汉T'  WHERE ID_num = 747832195705272219;
  UPDATE citizen SET address =  '西安市雁塔区大雁v'  WHERE ID_num = 313911195411197498;
  UPDATE citizen SET address =  '长沙市岳麓区麓谷企业广场'  WHERE ID_num = 334770193503088143;
  UPDATE citizen SET address =  '济南市历下区趵突'  WHERE ID_num = 597502196110172598;
  UPDATE citizen SET address =  '沈阳市大东区青年大街'  WHERE ID_num = 303653201809021427;
  UPDATE citizen SET address =  '淄博市张店区体育西路'  WHERE ID_num = 429791199311078108;
  UPDATE citizen SET address =  '厦门市明区中山路'  WHERE ID_num = 891810193508207716;
  UPDATE citizen SET address =  '太原市万柏林区五丿T'  WHERE ID_num = 902077197301039189;
  UPDATE citizen SET address =  '青岛市市南区中山T'  WHERE ID_num = 356932200412113835;
  UPDATE citizen SET address =  '天津市和平区南京T'  WHERE ID_num = 688107196908316951;
  UPDATE citizen SET address =  '苏州市姑苏区观前衿'  WHERE ID_num = 772810192806024735;
  UPDATE citizen SET address =  '无锡市滨湖区钱江北路'  WHERE ID_num = 278876202204068473;
  UPDATE citizen SET address =  '郑州市金水区农业T'  WHERE ID_num = 265440198209113402;
  UPDATE citizen SET address =  '重庆市渝北区龙头寿'  WHERE ID_num = 832024199804022269;
  UPDATE citizen SET address =  '南京市玄武区中山'  WHERE ID_num = 349490201508116827;
  UPDATE citizen SET address =  '成都市锦江区宽窄巷子'  WHERE ID_num = 554216193705025837;
  UPDATE citizen SET address =  '杭州市拱墅区灵隐寿'  WHERE ID_num = 640244200112253669;
  UPDATE citizen SET address =  '武汉市江汉区江汉T'  WHERE ID_num = 130312200402191036;
  UPDATE citizen SET address =  '西安市雁塔区大雁v'  WHERE ID_num = 116142195405185740;
  UPDATE citizen SET address =  '长沙市岳麓区麓谷企业广场'  WHERE ID_num = 268677199406129577;
  UPDATE citizen SET address =  '济南市历下区趵突'  WHERE ID_num = 901742198712275742;
  UPDATE citizen SET address =  '沈阳市大东区青年大街'  WHERE ID_num = 125282199705107835;
  UPDATE citizen SET address =  '淄博市张店区体育西路'  WHERE ID_num = 936588193108127147;
  UPDATE citizen SET address =  '厦门市明区中山路'  WHERE ID_num = 996000198609065615;
  UPDATE citizen SET address =  '太原市万柏林区五丿T'  WHERE ID_num = 880531196311197517;
  UPDATE citizen SET address =  '青岛市市南区中山T'  WHERE ID_num = 882295197106233011;
  UPDATE citizen SET address =  '天津市和平区南京T'  WHERE ID_num = 821373193601222071;
  UPDATE citizen SET address =  '苏州市姑苏区观前衿'  WHERE ID_num = 169611194006187814;
  UPDATE citizen SET address =  '无锡市滨湖区钱江北路'  WHERE ID_num = 113352194907074334;
  UPDATE citizen SET address =  '郑州市金水区农业T'  WHERE ID_num = 613160198105104335;
  UPDATE citizen SET address =  '重庆市渝北区龙头寿' WHERE ID_num = 432054192906078904;
  UPDATE citizen SET address =  '南京市玄武区中山'  WHERE ID_num = 972778200408258631;
  UPDATE citizen SET address =  '成都市锦江区宽窄巷子'  WHERE ID_num = 839239193608227385;
  UPDATE citizen SET address =  '杭州市拱墅区灵隐寿'  WHERE ID_num = 646414199812219899;
  UPDATE citizen SET address =  '武汉市江汉区江汉T'  WHERE ID_num = 795367193408067090;
  UPDATE citizen SET address =  '西安市雁塔区大雁v'  WHERE ID_num = 307739196205193482;
  UPDATE citizen SET address =  '长沙市岳麓区麓谷企业广场'  WHERE ID_num = 425232193409228010;
  UPDATE citizen SET address =  '济南市历下区趵突'  WHERE ID_num = 104312193506079238;
  UPDATE citizen SET address =  '沈阳市大东区青年大街'  WHERE ID_num = 372134194311295871;
  UPDATE citizen SET address =  '淄博市张店区体育西路'  WHERE ID_num = 650136192707299002;
  UPDATE citizen SET address =  '厦门市明区中山路'  WHERE ID_num = 301889194402231670;
  UPDATE citizen SET address =  '太原市万柏林区五丿T'  WHERE ID_num = 853466198006227457;
  UPDATE citizen SET address =  '青岛市市南区中山T'  WHERE ID_num = 336596195201232504;
  UPDATE citizen SET address =  '天津市和平区南京T'  WHERE ID_num = 122505199608232320;
  UPDATE citizen SET address =  '苏州市姑苏区观前衿'  WHERE ID_num = 695754192309274318;
  UPDATE citizen SET address =  '无锡市滨湖区钱江北路'  WHERE ID_num = 839048199605077542;
  UPDATE citizen SET address =  '郑州市金水区农业T'  WHERE ID_num = 877006196904159394;
  UPDATE citizen SET address =  '重庆市渝北区龙头寿'  WHERE ID_num = 825540198605118325;
  UPDATE citizen SET address =  '南京市玄武区中山'  WHERE ID_num = 934919199010261166;
  UPDATE citizen SET address =  '成都市锦江区宽窄巷子'  WHERE ID_num = 909416199001055383;
  UPDATE citizen SET address =  '杭州市拱墅区灵隐寿'  WHERE ID_num = 870533199006164413;
  UPDATE citizen SET address =  '武汉市江汉区江汉T'  WHERE ID_num = 706164192702207806;
  UPDATE citizen SET address =  '西安市雁塔区大雁v'  WHERE ID_num = 735693201708142844;
  UPDATE citizen SET address =  '长沙市岳麓区麓谷企业广场'  WHERE ID_num = 476109196310305142;
  UPDATE citizen SET address =  '济南市历下区趵突'  WHERE ID_num = 967864201407296541;
  UPDATE citizen SET address =  '沈阳市大东区青年大街'  WHERE ID_num = 346294194612131474;
  UPDATE citizen SET address =  '淄博市张店区体育西路'  WHERE ID_num = 180235196903011040;
  UPDATE citizen SET address =  '厦门市明区中山路'  WHERE ID_num = 286774199904271215;
  UPDATE citizen SET address =  '太原市万柏林区五丿T'  WHERE ID_num = 522518194707225691;
  UPDATE citizen SET address =  '青岛市市南区中山T'  WHERE ID_num = 507330197306204965;
  UPDATE citizen SET address =  '天津市和平区南京T'  WHERE ID_num = 201061199510282623;
  UPDATE citizen SET address =  '苏州市姑苏区观前衿'  WHERE ID_num = 217134193801197250;
  UPDATE citizen SET address =  '无锡市滨湖区钱江北路'  WHERE ID_num = 898073192711288956;
  UPDATE citizen SET address =  '郑州市金水区农业T'  WHERE ID_num = 528250200406177953;
  UPDATE citizen SET address =  '重庆市渝北区龙头寿' WHERE ID_num = 687270193008061039;
  UPDATE citizen SET address =  '南京市玄武区中山'  WHERE ID_num = 195083194601086256;
  UPDATE citizen SET address =  '成都市锦江区宽窄巷子'  WHERE ID_num = 142809197708278703;
  UPDATE citizen SET address =  '杭州市拱墅区灵隐寿'  WHERE ID_num = 498491197410131479;
  UPDATE citizen SET address =  '武汉市江汉区江汉T'  WHERE ID_num = 409916196803159359;
  UPDATE citizen SET address =  '西安市雁塔区大雁v'  WHERE ID_num = 850669193407213718;
  UPDATE citizen SET address =  '长沙市岳麓区麓谷企业广场'  WHERE ID_num = 618094195003165018;
  UPDATE citizen SET address =  '济南市历下区趵突'  WHERE ID_num = 904397201202207729;
  UPDATE citizen SET address =  '沈阳市大东区青年大街'  WHERE ID_num = 691436201812034634;
  UPDATE citizen SET address =  '淄博市张店区体育西路'  WHERE ID_num = 271196192909116186;
  UPDATE citizen SET address =  '厦门市明区中山路'  WHERE ID_num = 543503193710051316;
  UPDATE citizen SET address =  '太原市万柏林区五丿T'  WHERE ID_num = 448003195805161339;
  UPDATE citizen SET address =  '青岛市市南区中山T'  WHERE ID_num = 330509202012077903;
  UPDATE citizen SET address =  '天津市和平区南京T'  WHERE ID_num = 496021199501148492;
  UPDATE citizen SET address =  '苏州市姑苏区观前衿'  WHERE ID_num = 283438199506226608;
  UPDATE citizen SET address =  '无锡市滨湖区钱江北路'  WHERE ID_num = 263500202103199879;
  UPDATE citizen SET address =  '郑州市金水区农业T'  WHERE ID_num = 908276198707046986;
  UPDATE citizen SET address =  '重庆市渝北区龙头寿'  WHERE ID_num = 763610194712234026;
  UPDATE citizen SET address =  '南京市玄武区中山'  WHERE ID_num = 703873198505173949;
  UPDATE citizen SET address =  '成都市锦江区宽窄巷子'  WHERE ID_num = 182572199711154891;
  UPDATE citizen SET address =  '杭州市拱墅区灵隐寿'  WHERE ID_num = 626063201206029245;
  UPDATE citizen SET address =  '武汉市江汉区江汉T'  WHERE ID_num = 683523193108153551;
  UPDATE citizen SET address =  '西安市雁塔区大雁v'  WHERE ID_num = 480856196304225430;
  UPDATE citizen SET address =  '长沙市岳麓区麓谷企业广场'  WHERE ID_num = 636141198910234727;
  UPDATE citizen SET address =  '济南市历下区趵突'  WHERE ID_num = 566737195508224369;
  UPDATE citizen SET address =  '沈阳市大东区青年大街'  WHERE ID_num = 965645197702274892;
  UPDATE citizen SET address =  '淄博市张店区体育西路'  WHERE ID_num = 636712197703077700;
  UPDATE citizen SET address =  '厦门市明区中山路'  WHERE ID_num = 611782194010257743;
  UPDATE citizen SET address =  '太原市万柏林区五丿T'  WHERE ID_num = 573661200304055753;
  UPDATE citizen SET address =  '青岛市市南区中山T'  WHERE ID_num = 810189196805037005;
  UPDATE citizen SET address =  '天津市和平区南京T'  WHERE ID_num = 106948196408063422;
  UPDATE citizen SET address =  '苏州市姑苏区观前衿'  WHERE ID_num = 134102197311199296;
  UPDATE citizen SET address =  '无锡市滨湖区钱江北路'  WHERE ID_num = 406120200704095167;
  UPDATE citizen SET address =  '郑州市金水区农业T'  WHERE ID_num = 389479201205083997;
  UPDATE citizen SET address =  '重庆市渝北区龙头寿'  WHERE ID_num = 276403192512297865;
  UPDATE citizen SET address =  '南京市玄武区中山'  WHERE ID_num = 237919194506207245;
  UPDATE citizen SET address =  '成都市锦江区宽窄巷子'  WHERE ID_num = 522560192803206835;
  UPDATE citizen SET address =  '杭州市拱墅区灵隐寿'  WHERE ID_num = 192611198011118993;
  UPDATE citizen SET address =  '武汉市江汉区江汉T'  WHERE ID_num = 700198196610289724;
  UPDATE citizen SET address =  '西安市雁塔区大雁v'  WHERE ID_num = 634952198607039164;
  UPDATE citizen SET address =  '长沙市岳麓区麓谷企业广场'  WHERE ID_num = 411968199001143073;
  UPDATE citizen SET address =  '济南市历下区趵突'  WHERE ID_num = 159821202304203764;
  UPDATE citizen SET address =  '沈阳市大东区青年大街'  WHERE ID_num = 954935199101073885;
  UPDATE citizen SET address =  '淄博市张店区体育西路'  WHERE ID_num = 597917200606155027;
  UPDATE citizen SET address =  '厦门市明区中山路'  WHERE ID_num = 892527200411136728;
  UPDATE citizen SET address =  '太原市万柏林区五丿T'  WHERE ID_num = 518797198207053691;
  UPDATE citizen SET address =  '青岛市市南区中山T'  WHERE ID_num = 237647197003213434;
  UPDATE citizen SET address =  '天津市和平区南京T'  WHERE ID_num = 960315198105136771;
  UPDATE citizen SET address =  '苏州市姑苏区观前衿'  WHERE ID_num = 477214195912192228;
  UPDATE citizen SET address =  '无锡市滨湖区钱江北路'  WHERE ID_num = 876846200604136479;
  UPDATE citizen SET address =  '郑州市金水区农业T'  WHERE ID_num = 740918196207284737;
  UPDATE citizen SET address =  '重庆市渝北区龙头寿'  WHERE ID_num = 784018194611283520;
  UPDATE citizen SET address =  '南京市玄武区中山'  WHERE ID_num = 105871194109072435;
  UPDATE citizen SET address =  '成都市锦江区宽窄巷子'  WHERE ID_num = 708765196810243324;
  UPDATE citizen SET address =  '杭州市拱墅区灵隐寿'  WHERE ID_num = 575176195208252643;
  UPDATE citizen SET address =  '武汉市江汉区江汉T'  WHERE ID_num = 149819194701284388;
  UPDATE citizen SET address =  '西安市雁塔区大雁v'  WHERE ID_num = 381368195609242318;
  UPDATE citizen SET address =  '长沙市岳麓区麓谷企业广场'  WHERE ID_num = 201783196203221493;
  UPDATE citizen SET address =  '济南市历下区趵突'  WHERE ID_num = 880762200011298802;
  UPDATE citizen SET address =  '沈阳市大东区青年大街'  WHERE ID_num = 975103200904259500;
  UPDATE citizen SET address =  '淄博市张店区体育西路'  WHERE ID_num = 738403198011223480;
  UPDATE citizen SET address =  '厦门市明区中山路'  WHERE ID_num = 896816194801149408;
  UPDATE citizen SET address =  '太原市万柏林区五丿T'  WHERE ID_num = 888408193406248135;
  UPDATE citizen SET address =  '青岛市市南区中山T'  WHERE ID_num = 666221192807206845;
  UPDATE citizen SET address =  '天津市和平区南京T'  WHERE ID_num = 874698195511106339;
  UPDATE citizen SET address =  '苏州市姑苏区观前衿'  WHERE ID_num = 287428197809126975;
  UPDATE citizen SET address =  '无锡市滨湖区钱江北路'  WHERE ID_num = 698405202009214821;
  UPDATE citizen SET address =  '郑州市金水区农业T'  WHERE ID_num = 144850196112166815;
  UPDATE citizen SET address =  '重庆市渝北区龙头寿'  WHERE ID_num = 209253196611187432;
  UPDATE citizen SET address =  '南京市玄武区中山'  WHERE ID_num = 329906200606039109;
  UPDATE citizen SET address =  '成都市锦江区宽窄巷子'  WHERE ID_num = 285091196312127888;
  UPDATE citizen SET address =  '杭州市拱墅区灵隐寿'  WHERE ID_num = 817581201504208601;
  UPDATE citizen SET address =  '武汉市江汉区江汉T'  WHERE ID_num = 510244195906294116;
  UPDATE citizen SET address =  '西安市雁塔区大雁v'  WHERE ID_num = 436067199802189954;
  UPDATE citizen SET address =  '长沙市岳麓区麓谷企业广场'  WHERE ID_num = 988294201111029391;
  UPDATE citizen SET address =  '济南市历下区趵突'  WHERE ID_num = 335553195301176772;
  UPDATE citizen SET address =  '沈阳市大东区青年大街'  WHERE ID_num = 590043194010281323;
  UPDATE citizen SET address =  '淄博市张店区体育西路'  WHERE ID_num = 727896197007269505;
  UPDATE citizen SET address =  '厦门市明区中山路'  WHERE ID_num = 718139195205195506;
  UPDATE citizen SET address =  '太原市万柏林区五丿T'  WHERE ID_num = 156360196907078451;
  UPDATE citizen SET address =  '青岛市市南区中山T'  WHERE ID_num = 970958195205089508;
  UPDATE citizen SET address =  '天津市和平区南京T'  WHERE ID_num = 332828194104225706;
  UPDATE citizen SET address =  '苏州市姑苏区观前衿'  WHERE ID_num = 120606198211077788;
  UPDATE citizen SET address =  '无锡市滨湖区钱江北路'  WHERE ID_num = 448324197805306031;
  UPDATE citizen SET address =  '郑州市金水区农业T'  WHERE ID_num = 586908198003127958;
  UPDATE citizen SET address =  '重庆市渝北区龙头寿'  WHERE ID_num = 818617194303142737;
  UPDATE citizen SET address =  '南京市玄武区中山'  WHERE ID_num = 873759192911157497;
  UPDATE citizen SET address =  '成都市锦江区宽窄巷子'  WHERE ID_num = 649796199502031393;
  UPDATE citizen SET address =  '杭州市拱墅区灵隐寿'  WHERE ID_num = 554404201204243522;
  UPDATE citizen SET address =  '武汉市江汉区江汉T'  WHERE ID_num = 942833196802183742;
  UPDATE citizen SET address =  '西安市雁塔区大雁v'  WHERE ID_num = 601573200605214065;
  UPDATE citizen SET address =  '长沙市岳麓区麓谷企业广场'  WHERE ID_num = 724935192609082468;
  UPDATE citizen SET address =  '济南市历下区趵突'  WHERE ID_num = 928882198806068962;
  UPDATE citizen SET address =  '沈阳市大东区青年大街'  WHERE ID_num = 245841199409203563;
  UPDATE citizen SET address =  '淄博市张店区体育西路'  WHERE ID_num = 720258192905128150;
  UPDATE citizen SET address =  '厦门市明区中山路'  WHERE ID_num = 720585200511167879;
  UPDATE citizen SET address =  '太原市万柏林区五丿T'  WHERE ID_num = 289229194909071615;
  UPDATE citizen SET address =  '青岛市市南区中山T'  WHERE ID_num = 979273201712038845;
  UPDATE citizen SET address =  '天津市和平区南京T'  WHERE ID_num = 639362199907042365;
  UPDATE citizen SET address =  '苏州市姑苏区观前衿'  WHERE ID_num = 704495196001258266;
  UPDATE citizen SET address =  '无锡市滨湖区钱江北路'  WHERE ID_num = 554501196810054360;
  UPDATE citizen SET address =  '郑州市金水区农业T'  WHERE ID_num = 505584192605052714;
  UPDATE citizen SET address =  '重庆市渝北区龙头寿'  WHERE ID_num = 496083202010136945;
  UPDATE citizen SET address =  '南京市玄武区中山'  WHERE ID_num = 351196195707133188;
  UPDATE citizen SET address =  '成都市锦江区宽窄巷子'  WHERE ID_num = 482376193310252503;
  UPDATE citizen SET address =  '杭州市拱墅区灵隐寿'  WHERE ID_num = 996063199511115401;
  UPDATE citizen SET address =  '武汉市江汉区江汉T'  WHERE ID_num = 676473197203015119;
  UPDATE citizen SET address =  '西安市雁塔区大雁v'  WHERE ID_num = 752259198610217021;
  UPDATE citizen SET address =  '长沙市岳麓区麓谷企业广场'  WHERE ID_num = 989397192711111686;
  UPDATE citizen SET address =  '济南市历下区趵突'  WHERE ID_num = 434720201708131763;
  UPDATE citizen SET address =  '沈阳市大东区青年大街'  WHERE ID_num = 703332192408208615;
  UPDATE citizen SET address =  '淄博市张店区体育西路'  WHERE ID_num = 639741201312205194;
  UPDATE citizen SET address =  '厦门市明区中山路'  WHERE ID_num = 186630194108185990;
  UPDATE citizen SET address =  '太原市万柏林区五丿T'  WHERE ID_num = 559055194111095854;
  UPDATE citizen SET address =  '青岛市市南区中山T'  WHERE ID_num = 564871192604116454;
  UPDATE citizen SET address =  '天津市和平区南京T'  WHERE ID_num = 468346196001064841;
  UPDATE citizen SET address =  '苏州市姑苏区观前衿'  WHERE ID_num = 731855200301245508;
  UPDATE citizen SET address =  '无锡市滨湖区钱江北路'  WHERE ID_num = 537781192501231204;
  UPDATE citizen SET address =  '郑州市金水区农业T'  WHERE ID_num = 487950196010023466;
  UPDATE citizen SET address =  '重庆市渝北区龙头寿'  WHERE ID_num = 445715193710211623;
  UPDATE citizen SET address =  '南京市玄武区中山'  WHERE ID_num = 655620199405083945;
  UPDATE citizen SET address =  '成都市锦江区宽窄巷子'  WHERE ID_num = 538283201308108680;
  UPDATE citizen SET address =  '杭州市拱墅区灵隐寿'  WHERE ID_num = 128694192411092853;
  UPDATE citizen SET address =  '武汉市江汉区江汉T'  WHERE ID_num = 154515197712242639;
  UPDATE citizen SET address =  '西安市雁塔区大雁v'  WHERE ID_num = 600699196708122065;
  UPDATE citizen SET address =  '长沙市岳麓区麓谷企业广场'  WHERE ID_num = 469984192502016621;
  UPDATE citizen SET address =  '济南市历下区趵突'  WHERE ID_num = 948768198408308465;
  UPDATE citizen SET address =  '沈阳市大东区青年大街'  WHERE ID_num = 396206197508195403;
  UPDATE citizen SET address =  '淄博市张店区体育西路'  WHERE ID_num = 684918199407088847;
  UPDATE citizen SET address =  '厦门市明区中山路'  WHERE ID_num = 572882201401018231;
  UPDATE citizen SET address =  '太原市万柏林区五丿T'  WHERE ID_num = 406201193809307649;
  UPDATE citizen SET address =  '青岛市市南区中山T'  WHERE ID_num = 837127193411184431;
  UPDATE citizen SET address =  '天津市和平区南京T'  WHERE ID_num = 173064195208188247;
  UPDATE citizen SET address =  '苏州市姑苏区观前衿'  WHERE ID_num = 584985193804098397;
  UPDATE citizen SET address =  '无锡市滨湖区钱江北路'  WHERE ID_num = 965735195107201240;
  UPDATE citizen SET address =  '郑州市金水区农业T'  WHERE ID_num = 228529195909102193;
  UPDATE citizen SET address =  '重庆市渝北区龙头寿'  WHERE ID_num = 911185194009085172;
  UPDATE citizen SET address =  '南京市玄武区中山'  WHERE ID_num = 232004202204035757;
  UPDATE citizen SET address =  '成都市锦江区宽窄巷子'  WHERE ID_num = 669338193309213862;
  UPDATE citizen SET address =  '杭州市拱墅区灵隐寿'  WHERE ID_num = 603589201905228424;
  UPDATE citizen SET address =  '武汉市江汉区江汉T'  WHERE ID_num = 825269194403147276;
  UPDATE citizen SET address =  '西安市雁塔区大雁v'  WHERE ID_num = 549033197008051974;
  UPDATE citizen SET address =  '长沙市岳麓区麓谷企业广场'  WHERE ID_num = 463687196711285742;
  UPDATE citizen SET address =  '济南市历下区趵突'  WHERE ID_num = 948000198304287411;
  UPDATE citizen SET address =  '沈阳市大东区青年大街'  WHERE ID_num = 796967195411248456;
  UPDATE citizen SET address =  '淄博市张店区体育西路'  WHERE ID_num = 679879193501246808;
  UPDATE citizen SET address =  '厦门市明区中山路'  WHERE ID_num = 164766196310318402;
  UPDATE citizen SET address =  '太原市万柏林区五丿T'  WHERE ID_num = 657857201711169250;
  UPDATE citizen SET address =  '青岛市市南区中山T'  WHERE ID_num = 525672193904019440;
  UPDATE citizen SET address =  '天津市和平区南京T'  WHERE ID_num = 778354199106074263;
  UPDATE citizen SET address =  '苏州市姑苏区观前衿'  WHERE ID_num = 582280193904157730;
  UPDATE citizen SET address =  '无锡市滨湖区钱江北路'  WHERE ID_num = 123574199905032444;
  UPDATE citizen SET address =  '郑州市金水区农业T'  WHERE ID_num = 773754194705146129;
  UPDATE citizen SET address =  '重庆市渝北区龙头寿'  WHERE ID_num = 356153201209069585;
  UPDATE citizen SET address =  '济南市历下区趵突'  WHERE ID_num = 970958195205089508;
  UPDATE citizen SET address =  '沈阳市大东区青年大街'  WHERE ID_num = 332828194104225706;
  UPDATE citizen SET address =  '淄博市张店区体育西路'  WHERE ID_num = 120606198211077788;
  UPDATE citizen SET address =  '厦门市明区中山路'  WHERE ID_num = 448324197805306031;
  UPDATE citizen SET address =  '太原市万柏林区五丿T'  WHERE ID_num = 586908198003127958;
  UPDATE citizen SET address =  '青岛市市南区中山T'  WHERE ID_num = 818617194303142737;
  UPDATE citizen SET address =  '天津市和平区南京T'  WHERE ID_num = 873759192911157497;
  UPDATE citizen SET address =  '苏州市姑苏区观前衿'  WHERE ID_num = 649796199502031393;
  UPDATE citizen SET address =  '无锡市滨湖区钱江北路'  WHERE ID_num = 554404201204243522;
  UPDATE citizen SET address =  '郑州市金水区农业T'  WHERE ID_num = 942833196802183742;
  UPDATE citizen SET address =  '重庆市渝北区龙头寿'  WHERE ID_num = 601573200605214065;
  UPDATE citizen SET address =  '南京市玄武区中山'  WHERE ID_num = 724935192609082468;
  UPDATE citizen SET address =  '成都市锦江区宽窄巷子'  WHERE ID_num = 928882198806068962;
  UPDATE citizen SET address =  '杭州市拱墅区灵隐寿'  WHERE ID_num = 245841199409203563;
  UPDATE citizen SET address =  '武汉市江汉区江汉T'  WHERE ID_num = 720258192905128150;
  UPDATE citizen SET address =  '西安市雁塔区大雁v'  WHERE ID_num = 720585200511167879;
  UPDATE citizen SET address =  '长沙市岳麓区麓谷企业广场'  WHERE ID_num = 289229194909071615;
  UPDATE citizen SET address =  '济南市历下区趵突'  WHERE ID_num = 979273201712038845;
  UPDATE citizen SET address =  '沈阳市大东区青年大街'  WHERE ID_num = 639362199907042365;
  UPDATE citizen SET address =  '淄博市张店区体育西路'  WHERE ID_num = 704495196001258266;
  UPDATE citizen SET address =  '厦门市明区中山路'  WHERE ID_num = 554501196810054360;
  UPDATE citizen SET address =  '太原市万柏林区五丿T'  WHERE ID_num = 505584192605052714;
  UPDATE citizen SET address =  '青岛市市南区中山T'  WHERE ID_num = 496083202010136945;
  UPDATE citizen SET address =  '天津市和平区南京T'  WHERE ID_num = 351196195707133188;
  UPDATE citizen SET address =  '苏州市姑苏区观前衿'  WHERE ID_num = 482376193310252503;
  UPDATE citizen SET address =  '无锡市滨湖区钱江北路'  WHERE ID_num = 996063199511115401;
  UPDATE citizen SET address =  '郑州市金水区农业T'  WHERE ID_num = 676473197203015119;
  UPDATE citizen SET address =  '重庆市渝北区龙头寿'  WHERE ID_num = 752259198610217021;
  UPDATE citizen SET address =  '南京市玄武区中山'  WHERE ID_num = 989397192711111686;
  UPDATE citizen SET address =  '成都市锦江区宽窄巷子'  WHERE ID_num = 434720201708131763;
  UPDATE citizen SET address =  '杭州市拱墅区灵隐寿'  WHERE ID_num = 703332192408208615;
  UPDATE citizen SET address =  '武汉市江汉区江汉T'  WHERE ID_num = 639741201312205194;
  UPDATE citizen SET address =  '西安市雁塔区大雁v'  WHERE ID_num = 186630194108185990;
  UPDATE citizen SET address =  '长沙市岳麓区麓谷企业广场'  WHERE ID_num = 559055194111095854;
  UPDATE citizen SET address =  '济南市历下区趵突'  WHERE ID_num = 564871192604116454;
  UPDATE citizen SET address =  '沈阳市大东区青年大街'  WHERE ID_num = 468346196001064841;
  UPDATE citizen SET address =  '淄博市张店区体育西路'  WHERE ID_num = 731855200301245508;
  UPDATE citizen SET address =  '厦门市明区中山路'  WHERE ID_num = 537781192501231204;
  UPDATE citizen SET address =  '太原市万柏林区五丿T'  WHERE ID_num = 487950196010023466;
  UPDATE citizen SET address =  '青岛市市南区中山T'  WHERE ID_num = 445715193710211623;
  UPDATE citizen SET address =  '天津市和平区南京T'  WHERE ID_num = 655620199405083945;
  UPDATE citizen SET address =  '苏州市姑苏区观前衿'  WHERE ID_num = 538283201308108680;
  UPDATE citizen SET address =  '无锡市滨湖区钱江北路'  WHERE ID_num = 128694192411092853;
  UPDATE citizen SET address =  '郑州市金水区农业T'  WHERE ID_num = 154515197712242639;
  UPDATE citizen SET address =  '重庆市渝北区龙头寿' WHERE ID_num = 600699196708122065;

--第十次
DELETE FROM RELATED WHERE RELATED_TYPE = '证人';

--第十一次
INSERT INTO patrol VALUES (TO_DATE('2023-03-18 08:54:52', 'yyyy-MM-dd hh24:mi:ss'), '上海市浦东新区陆家嘴', '8831062');
INSERT INTO patrol VALUES (TO_DATE('2018-09-02 09:00:52', 'yyyy-MM-dd hh24:mi:ss'), '北京市朝阳区三里屯', '5507421');
INSERT INTO patrol VALUES (TO_DATE('2021-04-11 09:01:52', 'yyyy-MM-dd hh24:mi:ss'), '上海市黄浦区外滩', '0843435');
INSERT INTO patrol VALUES (TO_DATE('2019-05-12 18:54:53', 'yyyy-MM-dd hh24:mi:ss'), '广州市天河区珠江新城', '1339555');
INSERT INTO patrol VALUES (TO_DATE('2020-07-29 19:00:22', 'yyyy-MM-dd hh24:mi:ss'), '重庆市渝中区解放碑', '2426478');
INSERT INTO patrol VALUES (TO_DATE('2017-11-08 18:56:52', 'yyyy-MM-dd hh24:mi:ss'), '深圳市福田区华强北', '8734165');
INSERT INTO patrol VALUES (TO_DATE('2022-01-05 18:53:42', 'yyyy-MM-dd hh24:mi:ss'), '上海市浦东新区世博园', '0664786');
INSERT INTO patrol VALUES (TO_DATE('2023-05-30 18:52:21', 'yyyy-MM-dd hh24:mi:ss'), '广州市越秀区北京路', '9884669');
INSERT INTO patrol VALUES (TO_DATE('2020-10-23 18:57:14', 'yyyy-MM-dd hh24:mi:ss'), '北京市东城区王府井', '7104084');
INSERT INTO patrol VALUES (TO_DATE('2022-09-13 18:58:00', 'yyyy-MM-dd hh24:mi:ss'), '重庆市江北区观音桥', '3242355');
INSERT INTO patrol VALUES (TO_DATE('2018-06-14 18:59:04', 'yyyy-MM-dd hh24:mi:ss'), '杭州市西湖区西湖', '2402834');
INSERT INTO patrol VALUES (TO_DATE('2019-08-07 18:52:06', 'yyyy-MM-dd hh24:mi:ss'), '南京市玄武区夫子庙', '5639807');
INSERT INTO patrol VALUES (TO_DATE('2021-12-24 09:00:26', 'yyyy-MM-dd hh24:mi:ss'), '成都市青羊区锦里', '8167027');
INSERT INTO patrol VALUES (TO_DATE('2018-04-25 09:04:48', 'yyyy-MM-dd hh24:mi:ss'), '武汉市江汉区江汉路', '7233141');
INSERT INTO patrol VALUES (TO_DATE('2023-01-16 09:01:48', 'yyyy-MM-dd hh24:mi:ss'), '苏州市姑苏区平江路', '7003217');
INSERT INTO patrol VALUES (TO_DATE('2019-02-19 09:00:53', 'yyyy-MM-dd hh24:mi:ss'), '杭州市拱墅区西湖文化广场', '1313149');
INSERT INTO patrol VALUES (TO_DATE('2021-07-03 14:56:12', 'yyyy-MM-dd hh24:mi:ss'), '广州市荔湾区陈家祠', '3406524');
INSERT INTO patrol VALUES (TO_DATE('2018-01-15 14:54:32', 'yyyy-MM-dd hh24:mi:ss'), '深圳市罗湖区东门老街', '9474222');
INSERT INTO patrol VALUES (TO_DATE('2022-11-02 14:59:02', 'yyyy-MM-dd hh24:mi:ss'), '北京市东城区王府井', '9726541');
INSERT INTO patrol VALUES (TO_DATE('2020-05-01 08:58:04', 'yyyy-MM-dd hh24:mi:ss'), '上海市虹口区虹口足球场', '4761983');
INSERT INTO patrol VALUES (TO_DATE('2023-04-08 14:59:50', 'yyyy-MM-dd hh24:mi:ss'), '成都市武侯区锦江乐园', '9380280');
INSERT INTO patrol VALUES (TO_DATE('2022-07-09 14:56:50', 'yyyy-MM-dd hh24:mi:ss'), '广州塔', '9096953');
INSERT INTO patrol VALUES (TO_DATE('2019-10-26 14:54:51', 'yyyy-MM-dd hh24:mi:ss'), '南京市栖霞区栖霞山', '7369904');
INSERT INTO patrol VALUES (TO_DATE('2021-02-14 15:00:32', 'yyyy-MM-dd hh24:mi:ss'), '杭州市余杭区西溪湿地', '1109272');
INSERT INTO patrol VALUES (TO_DATE('2018-09-22 15:01:31', 'yyyy-MM-dd hh24:mi:ss'), '苏州市吴中区木渎古镇', '6982809');
INSERT INTO patrol VALUES (TO_DATE('2019-12-09 15:04:39', 'yyyy-MM-dd hh24:mi:ss'), '武汉市汉阳区晴川阁', '4619083');
INSERT INTO patrol VALUES (TO_DATE('2023-03-31 15:02:30', 'yyyy-MM-dd hh24:mi:ss'), '成都市成华区锦江乐园', '5409231');
INSERT INTO patrol VALUES (TO_DATE('2022-06-10 15:00:26', 'yyyy-MM-dd hh24:mi:ss'), '重庆市渝北区江北机场', '2857502');
INSERT INTO patrol VALUES (TO_DATE('2022-05-27 15:00:42', 'yyyy-MM-dd hh24:mi:ss'), '上海市静安区南京西路', '8213557');
INSERT INTO patrol VALUES (TO_DATE('2020-09-03 15:01:22', 'yyyy-MM-dd hh24:mi:ss'), '广州市荔湾区上下九步行街', '9409351');
INSERT INTO patrol VALUES (TO_DATE('2019-11-25 08:52:32', 'yyyy-MM-dd hh24:mi:ss'), '杭州市拱墅区西湖文化广场', '7087859');
INSERT INTO patrol VALUES (TO_DATE('2021-05-02 08:54:56', 'yyyy-MM-dd hh24:mi:ss'), '南京市玄武区玄武湖', '5693201');
INSERT INTO patrol VALUES (TO_DATE('2018-07-17 18:54:22', 'yyyy-MM-dd hh24:mi:ss'), '武汉市江汉区江滩', '7791531');
INSERT INTO patrol VALUES (TO_DATE('2023-01-08 18:54:12', 'yyyy-MM-dd hh24:mi:ss'), '苏州市姑苏区狮子街', '6150238');
INSERT INTO patrol VALUES (TO_DATE('2017-08-14 18:55:11', 'yyyy-MM-dd hh24:mi:ss'), '北京市朝阳区三里屯', '9937357');
INSERT INTO patrol VALUES (TO_DATE('2019-08-29 18:51:21', 'yyyy-MM-dd hh24:mi:ss'), '广州市天河区天河城', '7512564');
INSERT INTO patrol VALUES (TO_DATE('2020-03-21 08:54:10', 'yyyy-MM-dd hh24:mi:ss'), '重庆市江北区观音桥', '4983316');
INSERT INTO patrol VALUES (TO_DATE('2018-09-18 08:55:16', 'yyyy-MM-dd hh24:mi:ss'), '深圳市福田区会展中心', '3885517');
INSERT INTO patrol VALUES (TO_DATE('2021-12-05 08:59:15', 'yyyy-MM-dd hh24:mi:ss'), '南京市鼓楼区夫子庙', '8795598');